Timestamp,Component,Event_ID
2024-06-14 15:16:01,sshd(pam_unix),16
2024-06-14 15:16:02,sshd(pam_unix),27
2024-06-14 15:16:02,sshd(pam_unix),16
2024-06-15 02:04:59,sshd(pam_unix),18
2024-06-15 02:04:59,sshd(pam_unix),18
2024-06-15 02:04:59,sshd(pam_unix),18
2024-06-15 02:04:59,sshd(pam_unix),18
2024-06-15 02:04:59,sshd(pam_unix),18
2024-06-15 02:04:59,sshd(pam_unix),18
2024-06-15 02:04:59,sshd(pam_unix),18
2024-06-15 02:04:59,sshd(pam_unix),18
2024-06-15 02:04:59,sshd(pam_unix),18
2024-06-15 02:04:59,sshd(pam_unix),18
2024-06-15 04:06:18,su(pam_unix),102
2024-06-15 04:06:19,su(pam_unix),101
2024-06-15 04:06:20,logrotate,8
2024-06-15 04:12:42,su(pam_unix),102
2024-06-15 04:12:43,su(pam_unix),101
2024-06-15 12:12:34,sshd(pam_unix),16
2024-06-15 12:12:34,sshd(pam_unix),27
2024-06-15 12:12:34,sshd(pam_unix),16
2024-06-15 12:12:34,sshd(pam_unix),16
2024-06-15 12:12:34,sshd(pam_unix),16
2024-06-15 12:12:34,sshd(pam_unix),27
2024-06-15 12:12:34,sshd(pam_unix),16
2024-06-15 12:12:34,sshd(pam_unix),27
2024-06-15 12:12:34,sshd(pam_unix),27
2024-06-15 12:12:34,sshd(pam_unix),27
2024-06-15 12:12:34,sshd(pam_unix),27
2024-06-15 12:12:34,sshd(pam_unix),27
2024-06-15 12:12:34,sshd(pam_unix),16
2024-06-15 12:12:34,sshd(pam_unix),27
2024-06-15 12:12:34,sshd(pam_unix),16
2024-06-15 12:12:34,sshd(pam_unix),16
2024-06-15 12:12:34,sshd(pam_unix),16
2024-06-15 12:12:34,sshd(pam_unix),27
2024-06-15 12:12:34,sshd(pam_unix),16
2024-06-15 12:12:34,sshd(pam_unix),27
2024-06-15 12:13:19,sshd(pam_unix),27
2024-06-15 12:13:19,sshd(pam_unix),16
2024-06-15 12:13:20,sshd(pam_unix),27
2024-06-15 12:13:20,sshd(pam_unix),16
2024-06-15 14:53:32,sshd(pam_unix),16
2024-06-15 14:53:32,sshd(pam_unix),27
2024-06-15 14:53:32,sshd(pam_unix),16
2024-06-15 14:53:32,sshd(pam_unix),16
2024-06-15 14:53:32,sshd(pam_unix),27
2024-06-15 14:53:32,sshd(pam_unix),27
2024-06-15 14:53:33,sshd(pam_unix),27
2024-06-15 14:53:33,sshd(pam_unix),16
2024-06-15 14:53:34,sshd(pam_unix),27
2024-06-15 14:53:34,sshd(pam_unix),16
2024-06-15 14:53:35,sshd(pam_unix),16
2024-06-15 14:53:35,sshd(pam_unix),27
2024-06-15 14:53:35,sshd(pam_unix),16
2024-06-15 14:53:35,sshd(pam_unix),27
2024-06-15 14:53:35,sshd(pam_unix),16
2024-06-15 14:53:35,sshd(pam_unix),27
2024-06-15 14:53:36,sshd(pam_unix),27
2024-06-15 14:53:36,sshd(pam_unix),16
2024-06-15 14:53:36,sshd(pam_unix),27
2024-06-15 14:53:36,sshd(pam_unix),16
2024-06-15 20:05:31,sshd(pam_unix),27
2024-06-15 20:05:31,sshd(pam_unix),16
2024-06-15 20:05:31,sshd(pam_unix),27
2024-06-15 20:05:31,sshd(pam_unix),16
2024-06-15 20:05:31,sshd(pam_unix),27
2024-06-15 20:05:31,sshd(pam_unix),16
2024-06-15 20:05:31,sshd(pam_unix),27
2024-06-15 20:05:31,sshd(pam_unix),16
2024-06-15 20:05:31,sshd(pam_unix),27
2024-06-15 20:05:31,sshd(pam_unix),16
2024-06-16 04:10:22,su(pam_unix),102
2024-06-16 04:10:23,su(pam_unix),101
2024-06-16 04:10:24,logrotate,8
2024-06-16 04:16:17,su(pam_unix),102
2024-06-16 04:16:18,su(pam_unix),101
2024-06-17 04:03:33,su(pam_unix),102
2024-06-17 04:03:34,su(pam_unix),101
2024-06-17 04:03:36,logrotate,8
2024-06-17 04:09:43,su(pam_unix),102
2024-06-17 04:09:45,su(pam_unix),101
2024-06-17 07:07:00,ftpd,29
2024-06-17 07:07:00,ftpd,29
2024-06-17 07:07:00,ftpd,29
2024-06-17 07:07:00,ftpd,29
2024-06-17 07:07:00,ftpd,29
2024-06-17 07:07:00,ftpd,29
2024-06-17 07:07:02,ftpd,29
2024-06-17 07:07:04,ftpd,29
2024-06-17 19:43:13,sshd(pam_unix),17
2024-06-17 20:29:26,sshd(pam_unix),102
2024-06-17 20:34:57,sshd(pam_unix),101
2024-06-17 20:55:06,ftpd,29
2024-06-17 20:55:06,ftpd,29
2024-06-17 20:55:06,ftpd,29
2024-06-17 20:55:06,ftpd,29
2024-06-17 20:55:06,ftpd,29
2024-06-17 20:55:07,ftpd,29
2024-06-17 20:55:07,ftpd,29
2024-06-18 01:30:59,sshd(pam_unix),27
2024-06-18 01:30:59,sshd(pam_unix),16
2024-06-18 01:30:59,sshd(pam_unix),27
2024-06-18 01:30:59,sshd(pam_unix),16
2024-06-18 01:30:59,sshd(pam_unix),16
2024-06-18 01:30:59,sshd(pam_unix),16
2024-06-18 01:30:59,sshd(pam_unix),27
2024-06-18 01:30:59,sshd(pam_unix),16
2024-06-18 01:30:59,sshd(pam_unix),27
2024-06-18 01:30:59,sshd(pam_unix),27
2024-06-18 01:30:59,sshd(pam_unix),16
2024-06-18 01:30:59,sshd(pam_unix),27
2024-06-18 01:30:59,sshd(pam_unix),27
2024-06-18 01:30:59,sshd(pam_unix),16
2024-06-18 01:30:59,sshd(pam_unix),27
2024-06-18 01:30:59,sshd(pam_unix),16
2024-06-18 01:30:59,sshd(pam_unix),27
2024-06-18 01:30:59,sshd(pam_unix),16
2024-06-18 01:30:59,sshd(pam_unix),27
2024-06-18 01:30:59,sshd(pam_unix),16
2024-06-18 02:08:10,ftpd,29
2024-06-18 02:08:10,ftpd,29
2024-06-18 02:08:10,ftpd,29
2024-06-18 02:08:10,ftpd,29
2024-06-18 02:08:10,ftpd,29
2024-06-18 02:08:10,ftpd,29
2024-06-18 02:08:10,ftpd,29
2024-06-18 02:08:11,ftpd,29
2024-06-18 02:08:11,ftpd,29
2024-06-18 02:08:11,ftpd,29
2024-06-18 02:08:11,ftpd,29
2024-06-18 02:08:11,ftpd,29
2024-06-18 02:08:12,ftpd,29
2024-06-18 02:08:12,ftpd,29
2024-06-18 02:08:12,ftpd,29
2024-06-18 02:23:10,ftpd,112
2024-06-18 04:07:05,su(pam_unix),102
2024-06-18 04:07:06,logrotate,8
2024-06-18 04:07:06,su(pam_unix),101
2024-06-18 04:12:42,su(pam_unix),102
2024-06-18 04:12:43,su(pam_unix),101
2024-06-19 04:08:55,su(pam_unix),102
2024-06-19 04:08:55,su(pam_unix),101
2024-06-19 04:08:57,cups,37
2024-06-19 04:09:02,cups,38
2024-06-19 04:09:11,syslogd 1.4.1,90
2024-06-19 04:09:11,logrotate,8
2024-06-19 04:15:18,su(pam_unix),102
2024-06-19 04:15:18,su(pam_unix),101
2024-06-20 03:40:59,ftpd,29
2024-06-20 03:40:59,ftpd,29
2024-06-20 03:40:59,ftpd,29
2024-06-20 03:40:59,ftpd,29
2024-06-20 03:40:59,ftpd,29
2024-06-20 03:40:59,ftpd,29
2024-06-20 03:40:59,ftpd,29
2024-06-20 03:40:59,ftpd,29
2024-06-20 03:40:59,ftpd,29
2024-06-20 03:40:59,ftpd,29
2024-06-20 03:40:59,ftpd,29
2024-06-20 03:40:59,ftpd,29
2024-06-20 04:02:54,su(pam_unix),102
2024-06-20 04:02:54,su(pam_unix),101
2024-06-20 04:02:55,logrotate,8
2024-06-20 04:08:37,su(pam_unix),102
2024-06-20 04:08:38,su(pam_unix),101
2024-06-20 04:44:39,snmpd,88
2024-06-20 09:20:05,sshd(pam_unix),27
2024-06-20 09:20:05,sshd(pam_unix),16
2024-06-20 09:20:05,sshd(pam_unix),16
2024-06-20 09:20:05,sshd(pam_unix),27
2024-06-20 09:20:05,sshd(pam_unix),16
2024-06-20 09:20:05,sshd(pam_unix),27
2024-06-20 09:20:06,sshd(pam_unix),27
2024-06-20 09:20:06,sshd(pam_unix),16
2024-06-20 09:20:07,sshd(pam_unix),27
2024-06-20 09:20:07,sshd(pam_unix),16
2024-06-20 09:20:07,sshd(pam_unix),27
2024-06-20 09:20:07,sshd(pam_unix),16
2024-06-20 09:20:07,sshd(pam_unix),27
2024-06-20 09:20:07,sshd(pam_unix),16
2024-06-20 09:20:07,sshd(pam_unix),27
2024-06-20 09:20:07,sshd(pam_unix),16
2024-06-20 09:20:08,sshd(pam_unix),27
2024-06-20 09:20:08,sshd(pam_unix),16
2024-06-20 09:20:08,sshd(pam_unix),27
2024-06-20 09:20:08,sshd(pam_unix),16
2024-06-21 04:06:57,su(pam_unix),102
2024-06-21 04:06:58,su(pam_unix),101
2024-06-21 04:06:59,logrotate,8
2024-06-21 04:13:03,su(pam_unix),102
2024-06-21 04:13:04,su(pam_unix),101
2024-06-21 08:56:36,sshd(pam_unix),17
2024-06-21 08:56:36,sshd(pam_unix),17
2024-06-21 08:56:36,sshd(pam_unix),17
2024-06-21 08:56:36,sshd(pam_unix),17
2024-06-21 08:56:36,sshd(pam_unix),17
2024-06-21 08:56:36,sshd(pam_unix),17
2024-06-22 03:17:26,sshd(pam_unix),18
2024-06-22 03:17:26,sshd(pam_unix),18
2024-06-22 03:17:35,sshd(pam_unix),18
2024-06-22 03:17:36,sshd(pam_unix),18
2024-06-22 03:17:36,sshd(pam_unix),18
2024-06-22 03:17:45,sshd(pam_unix),18
2024-06-22 03:17:46,sshd(pam_unix),18
2024-06-22 03:17:46,sshd(pam_unix),18
2024-06-22 03:17:52,sshd(pam_unix),18
2024-06-22 03:17:55,sshd(pam_unix),18
2024-06-22 03:17:56,sshd(pam_unix),18
2024-06-22 03:17:56,sshd(pam_unix),18
2024-06-22 03:18:02,sshd(pam_unix),18
2024-06-22 03:18:05,sshd(pam_unix),18
2024-06-22 03:18:06,sshd(pam_unix),18
2024-06-22 03:18:06,sshd(pam_unix),18
2024-06-22 03:18:10,sshd(pam_unix),18
2024-06-22 03:18:12,sshd(pam_unix),18
2024-06-22 03:18:15,sshd(pam_unix),18
2024-06-22 03:18:16,sshd(pam_unix),18
2024-06-22 03:18:16,sshd(pam_unix),18
2024-06-22 03:18:20,sshd(pam_unix),18
2024-06-22 03:18:22,sshd(pam_unix),18
2024-06-22 04:05:58,su(pam_unix),102
2024-06-22 04:05:59,su(pam_unix),101
2024-06-22 04:06:00,logrotate,8
2024-06-22 04:11:42,su(pam_unix),102
2024-06-22 04:11:42,su(pam_unix),101
2024-06-22 04:30:55,sshd(pam_unix),16
2024-06-22 04:30:55,sshd(pam_unix),27
2024-06-22 04:30:55,sshd(pam_unix),16
2024-06-22 04:30:55,sshd(pam_unix),27
2024-06-22 04:30:55,sshd(pam_unix),27
2024-06-22 04:30:55,sshd(pam_unix),16
2024-06-22 04:30:55,sshd(pam_unix),27
2024-06-22 04:30:55,sshd(pam_unix),16
2024-06-22 04:30:55,sshd(pam_unix),27
2024-06-22 04:30:55,sshd(pam_unix),16
2024-06-22 04:30:55,sshd(pam_unix),27
2024-06-22 04:30:55,sshd(pam_unix),16
2024-06-22 04:30:55,sshd(pam_unix),27
2024-06-22 04:30:55,sshd(pam_unix),16
2024-06-22 04:30:55,sshd(pam_unix),27
2024-06-22 04:30:55,sshd(pam_unix),16
2024-06-22 04:30:56,sshd(pam_unix),16
2024-06-22 04:30:56,sshd(pam_unix),27
2024-06-22 04:30:56,sshd(pam_unix),16
2024-06-22 04:30:56,sshd(pam_unix),27
2024-06-22 13:16:30,ftpd,29
2024-06-22 13:16:30,ftpd,29
2024-06-22 13:16:30,ftpd,29
2024-06-22 13:16:30,ftpd,29
2024-06-22 13:16:30,ftpd,29
2024-06-22 13:16:30,ftpd,29
2024-06-22 13:16:30,ftpd,29
2024-06-22 13:16:30,ftpd,29
2024-06-22 13:16:30,ftpd,29
2024-06-22 13:16:30,ftpd,29
2024-06-22 13:16:30,ftpd,29
2024-06-22 13:16:30,ftpd,29
2024-06-22 13:16:30,ftpd,29
2024-06-22 13:16:30,ftpd,29
2024-06-22 13:16:30,ftpd,29
2024-06-22 13:16:30,ftpd,29
2024-06-22 13:16:31,ftpd,29
2024-06-22 13:16:31,ftpd,29
2024-06-22 13:16:31,ftpd,29
2024-06-22 13:16:31,ftpd,29
2024-06-22 13:16:31,ftpd,29
2024-06-22 13:16:31,ftpd,29
2024-06-22 13:16:32,ftpd,29
2024-06-23 01:41:29,sshd(pam_unix),17
2024-06-23 01:41:29,sshd(pam_unix),17
2024-06-23 01:41:29,sshd(pam_unix),17
2024-06-23 01:41:29,sshd(pam_unix),17
2024-06-23 01:41:29,sshd(pam_unix),17
2024-06-23 01:41:30,sshd(pam_unix),17
2024-06-23 01:41:30,sshd(pam_unix),17
2024-06-23 01:41:30,sshd(pam_unix),17
2024-06-23 01:41:30,sshd(pam_unix),17
2024-06-23 01:41:32,sshd(pam_unix),17
2024-06-23 02:55:14,sshd(pam_unix),27
2024-06-23 02:55:14,sshd(pam_unix),16
2024-06-23 04:05:28,su(pam_unix),102
2024-06-23 04:05:29,su(pam_unix),101
2024-06-23 04:05:30,logrotate,8
2024-06-23 04:13:08,su(pam_unix),102
2024-06-23 04:13:09,su(pam_unix),101
2024-06-23 23:30:03,sshd(pam_unix),18
2024-06-23 23:30:03,sshd(pam_unix),18
2024-06-23 23:30:04,sshd(pam_unix),18
2024-06-23 23:30:04,sshd(pam_unix),18
2024-06-23 23:30:04,sshd(pam_unix),18
2024-06-23 23:30:04,sshd(pam_unix),18
2024-06-23 23:30:05,sshd(pam_unix),18
2024-06-23 23:30:05,sshd(pam_unix),18
2024-06-23 23:30:05,sshd(pam_unix),18
2024-06-24 04:05:34,su(pam_unix),102
2024-06-24 04:05:35,su(pam_unix),101
2024-06-24 04:05:35,logrotate,8
2024-06-24 04:11:12,su(pam_unix),101
2024-06-24 04:11:12,su(pam_unix),102
2024-06-24 18:55:11,ftpd,29
2024-06-24 18:55:11,ftpd,29
2024-06-24 18:55:11,ftpd,29
2024-06-24 18:55:11,ftpd,29
2024-06-24 18:55:11,ftpd,29
2024-06-24 18:55:11,ftpd,29
2024-06-24 18:55:11,ftpd,29
2024-06-24 18:55:18,ftpd,29
2024-06-24 18:55:18,ftpd,29
2024-06-24 18:55:18,ftpd,29
2024-06-24 18:55:18,ftpd,29
2024-06-24 18:55:18,ftpd,29
2024-06-24 18:55:18,ftpd,29
2024-06-25 04:04:25,su(pam_unix),102
2024-06-25 04:04:25,su(pam_unix),101
2024-06-25 04:04:26,logrotate,8
2024-06-25 04:10:34,su(pam_unix),102
2024-06-25 04:10:35,su(pam_unix),101
2024-06-25 04:41:49,sshd(pam_unix),27
2024-06-25 04:41:49,sshd(pam_unix),16
2024-06-25 04:41:49,sshd(pam_unix),27
2024-06-25 04:41:49,sshd(pam_unix),16
2024-06-25 04:41:49,sshd(pam_unix),27
2024-06-25 04:41:49,sshd(pam_unix),16
2024-06-25 04:41:49,sshd(pam_unix),27
2024-06-25 04:41:49,sshd(pam_unix),16
2024-06-25 04:41:51,sshd(pam_unix),16
2024-06-25 04:41:51,sshd(pam_unix),27
2024-06-25 04:41:51,sshd(pam_unix),16
2024-06-25 04:41:51,sshd(pam_unix),27
2024-06-25 04:41:51,sshd(pam_unix),16
2024-06-25 04:41:51,sshd(pam_unix),27
2024-06-25 04:41:51,sshd(pam_unix),16
2024-06-25 04:41:51,sshd(pam_unix),27
2024-06-25 04:41:51,sshd(pam_unix),16
2024-06-25 04:41:51,sshd(pam_unix),27
2024-06-25 04:41:51,sshd(pam_unix),16
2024-06-25 04:41:51,sshd(pam_unix),27
2024-06-25 09:20:24,ftpd,29
2024-06-25 09:20:24,ftpd,29
2024-06-25 09:20:24,ftpd,29
2024-06-25 09:20:24,ftpd,29
2024-06-25 09:20:24,ftpd,29
2024-06-25 09:20:24,ftpd,29
2024-06-25 09:20:24,ftpd,29
2024-06-25 09:20:24,ftpd,29
2024-06-25 09:20:24,ftpd,29
2024-06-25 09:20:24,ftpd,29
2024-06-25 09:20:24,ftpd,29
2024-06-25 09:20:24,ftpd,29
2024-06-25 09:20:24,ftpd,29
2024-06-25 09:20:24,ftpd,29
2024-06-25 09:20:24,ftpd,29
2024-06-25 09:20:24,ftpd,29
2024-06-25 09:20:24,ftpd,29
2024-06-25 09:20:24,ftpd,29
2024-06-25 19:25:30,ftpd,29
2024-06-25 19:25:30,ftpd,29
2024-06-25 19:25:30,ftpd,29
2024-06-25 19:25:30,ftpd,29
2024-06-25 19:25:30,ftpd,29
2024-06-25 19:25:30,ftpd,29
2024-06-25 19:25:30,ftpd,29
2024-06-25 19:25:30,ftpd,29
2024-06-25 19:25:30,ftpd,29
2024-06-25 19:25:31,ftpd,29
2024-06-25 19:25:31,ftpd,29
2024-06-25 19:25:31,ftpd,29
2024-06-25 19:25:34,ftpd,29
2024-06-26 04:04:17,su(pam_unix),102
2024-06-26 04:04:17,su(pam_unix),101
2024-06-26 04:04:19,cups,37
2024-06-26 04:04:24,cups,38
2024-06-26 04:04:31,logrotate,8
2024-06-26 04:04:31,syslogd 1.4.1,90
2024-06-26 04:10:02,su(pam_unix),102
2024-06-26 04:10:04,su(pam_unix),101
2024-06-27 04:02:47,su(pam_unix),102
2024-06-27 04:02:48,su(pam_unix),101
2024-06-27 04:02:49,logrotate,8
2024-06-27 04:08:56,su(pam_unix),102
2024-06-27 04:08:57,su(pam_unix),101
2024-06-27 08:05:37,sshd(pam_unix),18
2024-06-27 08:05:39,sshd(pam_unix),18
2024-06-27 08:05:39,sshd(pam_unix),18
2024-06-27 08:05:39,sshd(pam_unix),18
2024-06-27 08:05:39,sshd(pam_unix),18
2024-06-28 04:03:15,su(pam_unix),102
2024-06-28 04:03:16,su(pam_unix),101
2024-06-28 04:03:17,logrotate,8
2024-06-28 04:09:00,su(pam_unix),102
2024-06-28 04:09:01,su(pam_unix),101
2024-06-28 08:10:24,sshd(pam_unix),18
2024-06-28 08:10:24,sshd(pam_unix),18
2024-06-28 08:10:24,sshd(pam_unix),18
2024-06-28 08:10:24,sshd(pam_unix),18
2024-06-28 08:10:25,sshd(pam_unix),18
2024-06-28 08:10:26,sshd(pam_unix),18
2024-06-28 08:10:28,sshd(pam_unix),18
2024-06-28 08:10:29,sshd(pam_unix),18
2024-06-28 08:10:30,sshd(pam_unix),18
2024-06-28 20:58:46,sshd(pam_unix),18
2024-06-28 20:58:46,sshd(pam_unix),18
2024-06-28 20:58:47,sshd(pam_unix),18
2024-06-28 20:58:50,sshd(pam_unix),18
2024-06-28 20:58:52,sshd(pam_unix),18
2024-06-28 20:58:53,sshd(pam_unix),18
2024-06-28 20:58:53,sshd(pam_unix),18
2024-06-28 20:58:55,sshd(pam_unix),18
2024-06-28 20:58:55,sshd(pam_unix),18
2024-06-28 20:58:55,sshd(pam_unix),18
2024-06-28 21:42:46,sshd(pam_unix),16
2024-06-28 21:42:46,sshd(pam_unix),27
2024-06-28 21:42:46,sshd(pam_unix),16
2024-06-28 21:42:46,sshd(pam_unix),16
2024-06-28 21:42:46,sshd(pam_unix),27
2024-06-28 21:42:46,sshd(pam_unix),16
2024-06-28 21:42:46,sshd(pam_unix),27
2024-06-28 21:42:46,sshd(pam_unix),16
2024-06-28 21:42:46,sshd(pam_unix),27
2024-06-28 21:42:46,sshd(pam_unix),27
2024-06-29 03:22:22,ftpd,29
2024-06-29 03:22:22,ftpd,29
2024-06-29 03:22:22,ftpd,29
2024-06-29 03:22:22,ftpd,29
2024-06-29 03:22:22,ftpd,29
2024-06-29 03:22:22,ftpd,29
2024-06-29 03:22:22,ftpd,29
2024-06-29 03:22:22,ftpd,29
2024-06-29 03:22:22,ftpd,29
2024-06-29 03:22:22,ftpd,29
2024-06-29 03:22:22,ftpd,29
2024-06-29 03:22:22,ftpd,29
2024-06-29 03:22:22,ftpd,29
2024-06-29 03:22:22,ftpd,29
2024-06-29 03:22:22,ftpd,29
2024-06-29 03:22:22,ftpd,29
2024-06-29 03:22:22,ftpd,29
2024-06-29 03:22:22,ftpd,29
2024-06-29 03:22:22,ftpd,29
2024-06-29 03:22:22,ftpd,29
2024-06-29 03:22:22,ftpd,29
2024-06-29 03:22:22,ftpd,29
2024-06-29 03:22:23,ftpd,29
2024-06-29 04:03:10,su(pam_unix),102
2024-06-29 04:03:11,su(pam_unix),101
2024-06-29 04:03:12,logrotate,8
2024-06-29 04:09:29,su(pam_unix),102
2024-06-29 04:09:30,su(pam_unix),101
2024-06-29 10:08:19,sshd(pam_unix),18
2024-06-29 10:08:19,sshd(pam_unix),18
2024-06-29 10:08:19,sshd(pam_unix),18
2024-06-29 10:08:19,sshd(pam_unix),18
2024-06-29 10:08:19,sshd(pam_unix),18
2024-06-29 10:08:19,sshd(pam_unix),18
2024-06-29 10:08:19,sshd(pam_unix),18
2024-06-29 10:08:20,sshd(pam_unix),18
2024-06-29 10:08:20,sshd(pam_unix),18
2024-06-29 10:08:20,sshd(pam_unix),18
2024-06-29 10:48:01,ftpd,29
2024-06-29 10:48:01,ftpd,29
2024-06-29 10:48:01,ftpd,29
2024-06-29 10:48:01,ftpd,29
2024-06-29 10:48:01,ftpd,29
2024-06-29 10:48:01,ftpd,29
2024-06-29 10:48:05,ftpd,29
2024-06-29 10:48:06,ftpd,29
2024-06-29 10:48:06,ftpd,29
2024-06-29 10:48:06,ftpd,29
2024-06-29 10:48:08,ftpd,29
2024-06-29 10:48:08,ftpd,29
2024-06-29 10:48:08,ftpd,29
2024-06-29 10:48:10,ftpd,29
2024-06-29 10:48:12,ftpd,29
2024-06-29 10:48:12,ftpd,29
2024-06-29 10:48:13,ftpd,29
2024-06-29 10:48:15,ftpd,29
2024-06-29 10:48:17,ftpd,29
2024-06-29 10:48:17,ftpd,29
2024-06-29 10:48:18,ftpd,29
2024-06-29 10:48:20,ftpd,29
2024-06-29 10:48:21,ftpd,29
2024-06-29 12:11:53,sshd(pam_unix),18
2024-06-29 12:11:55,sshd(pam_unix),18
2024-06-29 12:11:57,sshd(pam_unix),18
2024-06-29 12:11:59,sshd(pam_unix),18
2024-06-29 12:11:59,sshd(pam_unix),18
2024-06-29 12:12:01,sshd(pam_unix),18
2024-06-29 12:12:02,sshd(pam_unix),18
2024-06-29 12:12:03,sshd(pam_unix),18
2024-06-29 12:12:03,sshd(pam_unix),18
2024-06-29 12:12:05,sshd(pam_unix),18
2024-06-29 12:12:05,sshd(pam_unix),18
2024-06-29 12:12:06,sshd(pam_unix),18
2024-06-29 12:12:10,sshd(pam_unix),18
2024-06-29 14:44:35,ftpd,29
2024-06-29 14:44:35,ftpd,29
2024-06-29 14:44:35,ftpd,29
2024-06-29 14:44:35,ftpd,29
2024-06-29 14:44:35,ftpd,29
2024-06-29 14:44:35,ftpd,29
2024-06-29 14:44:35,ftpd,29
2024-06-30 04:03:41,su(pam_unix),102
2024-06-30 04:03:42,su(pam_unix),101
2024-06-30 04:03:43,logrotate,8
2024-06-30 04:09:30,su(pam_unix),102
2024-06-30 04:09:31,su(pam_unix),101
2024-06-30 12:48:38,sshd(pam_unix),16
2024-06-30 12:48:38,sshd(pam_unix),27
2024-06-30 12:48:41,sshd(pam_unix),16
2024-06-30 12:48:41,sshd(pam_unix),27
2024-06-30 12:48:41,sshd(pam_unix),16
2024-06-30 12:48:41,sshd(pam_unix),27
2024-06-30 12:48:41,sshd(pam_unix),16
2024-06-30 12:48:41,sshd(pam_unix),27
2024-06-30 12:48:41,sshd(pam_unix),16
2024-06-30 12:48:41,sshd(pam_unix),27
2024-06-30 12:48:41,sshd(pam_unix),16
2024-06-30 12:48:41,sshd(pam_unix),27
2024-06-30 12:48:41,sshd(pam_unix),16
2024-06-30 12:48:41,sshd(pam_unix),27
2024-06-30 12:48:41,sshd(pam_unix),16
2024-06-30 12:48:41,sshd(pam_unix),27
2024-06-30 19:03:00,sshd(pam_unix),18
2024-06-30 19:03:00,sshd(pam_unix),18
2024-06-30 19:03:00,sshd(pam_unix),18
2024-06-30 19:03:01,sshd(pam_unix),18
2024-06-30 19:03:01,sshd(pam_unix),18
2024-06-30 19:03:03,sshd(pam_unix),18
2024-06-30 19:03:04,sshd(pam_unix),18
2024-06-30 19:03:04,sshd(pam_unix),18
2024-06-30 19:03:05,sshd(pam_unix),18
2024-06-30 19:03:07,sshd(pam_unix),18
2024-06-30 20:16:17,sshd(pam_unix),18
2024-06-30 20:16:17,sshd(pam_unix),18
2024-06-30 20:16:26,sshd(pam_unix),18
2024-06-30 20:16:26,sshd(pam_unix),18
2024-06-30 20:16:30,sshd(pam_unix),18
2024-06-30 20:53:04,klogind,13
2024-06-30 20:53:04,klogind,61
2024-06-30 20:53:04,klogind,61
2024-06-30 20:53:04,klogind,61
2024-06-30 20:53:04,klogind,14
2024-06-30 20:53:04,klogind,13
2024-06-30 20:53:04,klogind,61
2024-06-30 20:53:04,klogind,13
2024-06-30 20:53:04,klogind,61
2024-06-30 20:53:04,klogind,61
2024-06-30 20:53:04,klogind,13
2024-06-30 20:53:04,klogind,61
2024-06-30 20:53:04,klogind,13
2024-06-30 20:53:04,klogind,61
2024-06-30 20:53:04,klogind,13
2024-06-30 20:53:04,klogind,61
2024-06-30 20:53:04,klogind,13
2024-06-30 20:53:04,klogind,13
2024-06-30 20:53:06,klogind,14
2024-06-30 20:53:06,klogind,14
2024-06-30 20:53:06,klogind,14
2024-06-30 20:53:06,klogind,14
2024-06-30 20:53:06,klogind,61
2024-06-30 20:53:06,klogind,61
2024-06-30 20:53:06,klogind,61
2024-06-30 20:53:06,klogind,14
2024-06-30 20:53:06,klogind,61
2024-06-30 20:53:06,klogind,61
2024-06-30 20:53:06,klogind,61
2024-06-30 20:53:06,klogind,61
2024-06-30 20:53:06,klogind,14
2024-06-30 20:53:06,klogind,14
2024-06-30 20:53:06,klogind,61
2024-06-30 20:53:06,klogind,14
2024-06-30 20:53:06,klogind,61
2024-06-30 20:53:06,klogind,14
2024-06-30 20:53:06,klogind,61
2024-06-30 20:53:06,klogind,14
2024-06-30 20:53:06,klogind,61
2024-06-30 20:53:06,klogind,14
2024-06-30 20:53:06,klogind,61
2024-06-30 20:53:06,klogind,14
2024-06-30 20:53:06,klogind,14
2024-06-30 20:53:06,klogind,61
2024-06-30 20:53:06,klogind,14
2024-06-30 20:53:06,klogind,61
2024-06-30 22:16:32,sshd(pam_unix),101
2024-06-30 22:16:32,sshd(pam_unix),102
2024-06-30 22:16:32,sshd(pam_unix),101
2024-06-30 22:16:32,sshd(pam_unix),101
2024-06-30 22:16:32,sshd(pam_unix),101
2024-06-30 22:16:32,sshd(pam_unix),102
2024-06-30 22:16:32,sshd(pam_unix),102
2024-06-30 22:16:32,sshd(pam_unix),102
2024-06-30 22:16:32,sshd(pam_unix),102
2024-06-30 22:16:32,sshd(pam_unix),102
2024-06-30 22:16:32,sshd(pam_unix),102
2024-06-30 22:16:32,sshd(pam_unix),102
2024-06-30 22:16:32,sshd(pam_unix),102
2024-06-30 22:16:32,sshd(pam_unix),102
2024-06-30 22:16:33,sshd(pam_unix),101
2024-06-30 22:16:33,sshd(pam_unix),101
2024-06-30 22:16:33,sshd(pam_unix),101
2024-06-30 22:16:33,sshd(pam_unix),101
2024-06-30 22:16:33,sshd(pam_unix),101
2024-06-30 22:16:33,sshd(pam_unix),101
2024-07-01 00:21:28,sshd(pam_unix),18
2024-07-01 00:21:28,sshd(pam_unix),18
2024-07-01 00:21:30,sshd(pam_unix),18
2024-07-01 00:21:30,sshd(pam_unix),18
2024-07-01 00:21:30,sshd(pam_unix),18
2024-07-01 00:21:31,sshd(pam_unix),18
2024-07-01 00:21:31,sshd(pam_unix),18
2024-07-01 00:21:32,sshd(pam_unix),18
2024-07-01 00:21:32,sshd(pam_unix),18
2024-07-01 00:21:35,sshd(pam_unix),18
2024-07-01 04:05:17,su(pam_unix),102
2024-07-01 04:05:18,su(pam_unix),101
2024-07-01 04:05:19,logrotate,8
2024-07-01 04:11:35,su(pam_unix),102
2024-07-01 04:11:36,su(pam_unix),101
2024-07-01 05:02:26,sshd(pam_unix),102
2024-07-01 05:02:26,sshd(pam_unix),101
2024-07-01 05:02:26,sshd(pam_unix),101
2024-07-01 05:02:26,sshd(pam_unix),101
2024-07-01 05:02:26,sshd(pam_unix),102
2024-07-01 05:02:26,sshd(pam_unix),102
2024-07-01 05:02:27,sshd(pam_unix),102
2024-07-01 05:02:27,sshd(pam_unix),101
2024-07-01 07:57:30,ftpd,29
2024-07-01 07:57:30,ftpd,29
2024-07-01 07:57:30,ftpd,29
2024-07-01 07:57:30,ftpd,29
2024-07-01 07:57:30,ftpd,29
2024-07-01 07:57:30,ftpd,29
2024-07-01 07:57:30,ftpd,29
2024-07-01 07:57:30,ftpd,29
2024-07-01 07:57:30,ftpd,29
2024-07-01 07:57:30,ftpd,29
2024-07-01 07:57:30,ftpd,29
2024-07-01 07:57:30,ftpd,29
2024-07-01 07:57:30,ftpd,29
2024-07-01 07:57:30,ftpd,29
2024-07-01 07:57:30,ftpd,29
2024-07-01 07:57:30,ftpd,29
2024-07-01 07:57:30,ftpd,29
2024-07-01 07:57:30,ftpd,29
2024-07-01 07:57:30,ftpd,29
2024-07-01 07:57:30,ftpd,29
2024-07-01 07:57:30,ftpd,29
2024-07-01 07:57:30,ftpd,29
2024-07-01 07:57:30,ftpd,29
2024-07-01 09:14:43,sshd(pam_unix),101
2024-07-01 09:14:43,sshd(pam_unix),102
2024-07-01 09:14:43,sshd(pam_unix),102
2024-07-01 09:14:43,sshd(pam_unix),102
2024-07-01 09:14:44,sshd(pam_unix),101
2024-07-01 09:14:44,sshd(pam_unix),102
2024-07-01 09:14:44,sshd(pam_unix),101
2024-07-01 09:14:44,sshd(pam_unix),101
2024-07-01 10:56:41,sshd(pam_unix),18
2024-07-01 10:56:41,sshd(pam_unix),18
2024-07-01 10:56:41,sshd(pam_unix),18
2024-07-01 10:56:42,sshd(pam_unix),18
2024-07-01 10:56:42,sshd(pam_unix),18
2024-07-01 10:56:42,sshd(pam_unix),18
2024-07-01 10:56:43,sshd(pam_unix),18
2024-07-01 10:56:43,sshd(pam_unix),18
2024-07-01 10:56:44,sshd(pam_unix),18
2024-07-01 10:56:44,sshd(pam_unix),18
2024-07-02 01:41:32,sshd(pam_unix),101
2024-07-02 01:41:32,sshd(pam_unix),101
2024-07-02 01:41:32,sshd(pam_unix),101
2024-07-02 01:41:32,sshd(pam_unix),101
2024-07-02 01:41:32,sshd(pam_unix),102
2024-07-02 01:41:32,sshd(pam_unix),102
2024-07-02 01:41:32,sshd(pam_unix),102
2024-07-02 01:41:32,sshd(pam_unix),102
2024-07-02 01:41:33,sshd(pam_unix),102
2024-07-02 01:41:33,sshd(pam_unix),101
2024-07-02 01:41:33,sshd(pam_unix),102
2024-07-02 01:41:33,sshd(pam_unix),102
2024-07-02 01:41:33,sshd(pam_unix),102
2024-07-02 01:41:33,sshd(pam_unix),101
2024-07-02 01:41:33,sshd(pam_unix),101
2024-07-02 01:41:33,sshd(pam_unix),101
2024-07-02 04:04:02,su(pam_unix),102
2024-07-02 04:04:02,su(pam_unix),101
2024-07-02 04:04:03,logrotate,8
2024-07-02 04:09:53,su(pam_unix),102
2024-07-02 04:09:54,su(pam_unix),101
2024-07-02 04:15:33,sshd(pam_unix),27
2024-07-02 04:15:33,sshd(pam_unix),16
2024-07-02 04:15:33,sshd(pam_unix),27
2024-07-02 04:15:33,sshd(pam_unix),16
2024-07-02 04:15:33,sshd(pam_unix),27
2024-07-02 04:15:33,sshd(pam_unix),16
2024-07-02 04:15:43,sshd(pam_unix),16
2024-07-02 04:15:43,sshd(pam_unix),16
2024-07-02 04:15:43,sshd(pam_unix),27
2024-07-02 04:15:43,sshd(pam_unix),16
2024-07-02 04:15:43,sshd(pam_unix),27
2024-07-02 04:15:43,sshd(pam_unix),16
2024-07-02 04:15:43,sshd(pam_unix),27
2024-07-02 04:15:43,sshd(pam_unix),16
2024-07-02 04:15:43,sshd(pam_unix),27
2024-07-02 04:15:43,sshd(pam_unix),16
2024-07-02 04:15:43,sshd(pam_unix),27
2024-07-02 04:15:43,sshd(pam_unix),16
2024-07-02 04:15:43,sshd(pam_unix),27
2024-07-02 04:15:43,sshd(pam_unix),27
2024-07-03 04:07:47,su(pam_unix),102
2024-07-03 04:07:48,su(pam_unix),101
2024-07-03 04:07:49,cups,37
2024-07-03 04:07:55,cups,38
2024-07-03 04:08:03,logrotate,8
2024-07-03 04:08:03,syslogd 1.4.1,90
2024-07-03 04:14:00,su(pam_unix),102
2024-07-03 04:14:01,su(pam_unix),101
2024-07-03 10:05:25,ftpd,29
2024-07-03 10:05:25,ftpd,29
2024-07-03 10:05:25,ftpd,29
2024-07-03 10:05:25,ftpd,29
2024-07-03 10:05:25,ftpd,29
2024-07-03 10:05:25,ftpd,29
2024-07-03 10:05:25,ftpd,29
2024-07-03 10:05:25,ftpd,29
2024-07-03 10:05:25,ftpd,29
2024-07-03 10:05:25,ftpd,29
2024-07-03 10:05:25,ftpd,29
2024-07-03 10:05:25,ftpd,29
2024-07-03 10:05:25,ftpd,29
2024-07-03 10:05:25,ftpd,29
2024-07-03 10:05:25,ftpd,29
2024-07-03 10:05:25,ftpd,29
2024-07-03 10:05:25,ftpd,29
2024-07-03 10:05:25,ftpd,29
2024-07-03 10:05:25,ftpd,29
2024-07-03 10:05:25,ftpd,29
2024-07-03 10:05:25,ftpd,29
2024-07-03 10:05:25,ftpd,29
2024-07-03 10:05:25,ftpd,29
2024-07-03 23:16:09,ftpd,29
2024-07-03 23:16:09,ftpd,29
2024-07-03 23:16:09,ftpd,29
2024-07-03 23:16:09,ftpd,29
2024-07-03 23:16:09,ftpd,29
2024-07-03 23:16:09,ftpd,29
2024-07-03 23:16:09,ftpd,29
2024-07-03 23:16:09,ftpd,29
2024-07-03 23:16:09,ftpd,29
2024-07-03 23:16:09,ftpd,29
2024-07-03 23:16:09,ftpd,29
2024-07-03 23:16:09,ftpd,29
2024-07-03 23:16:09,ftpd,29
2024-07-03 23:16:09,ftpd,29
2024-07-03 23:16:09,ftpd,29
2024-07-03 23:16:09,ftpd,29
2024-07-03 23:16:09,ftpd,29
2024-07-03 23:16:09,ftpd,29
2024-07-03 23:16:09,ftpd,29
2024-07-03 23:16:09,ftpd,29
2024-07-03 23:16:09,ftpd,29
2024-07-03 23:16:09,ftpd,29
2024-07-03 23:16:09,ftpd,29
2024-07-04 04:03:06,su(pam_unix),102
2024-07-04 04:03:07,su(pam_unix),101
2024-07-04 04:03:08,logrotate,8
2024-07-04 04:08:48,su(pam_unix),102
2024-07-04 04:08:49,su(pam_unix),101
2024-07-04 09:33:09,sshd(pam_unix),18
2024-07-04 09:33:10,sshd(pam_unix),18
2024-07-04 09:33:14,sshd(pam_unix),18
2024-07-04 12:52:44,ftpd,29
2024-07-04 12:52:44,ftpd,29
2024-07-04 12:52:44,ftpd,29
2024-07-04 12:52:44,ftpd,29
2024-07-04 12:52:44,ftpd,29
2024-07-04 12:52:44,ftpd,29
2024-07-04 12:52:44,ftpd,29
2024-07-04 12:52:44,ftpd,29
2024-07-04 12:52:44,ftpd,29
2024-07-04 12:52:44,ftpd,29
2024-07-04 12:52:44,ftpd,29
2024-07-04 12:52:44,ftpd,29
2024-07-04 12:52:44,ftpd,29
2024-07-04 12:52:44,ftpd,29
2024-07-04 12:52:44,ftpd,29
2024-07-04 12:52:44,ftpd,29
2024-07-04 12:52:44,ftpd,29
2024-07-04 12:52:44,ftpd,29
2024-07-04 12:52:44,ftpd,29
2024-07-04 12:52:44,ftpd,29
2024-07-04 12:52:44,ftpd,29
2024-07-04 12:52:44,ftpd,29
2024-07-04 12:52:44,ftpd,29
2024-07-04 19:15:48,sshd(pam_unix),18
2024-07-04 19:15:48,sshd(pam_unix),18
2024-07-04 19:15:49,sshd(pam_unix),18
2024-07-04 19:15:51,sshd(pam_unix),18
2024-07-04 19:15:51,sshd(pam_unix),18
2024-07-04 19:15:52,sshd(pam_unix),18
2024-07-04 19:15:54,sshd(pam_unix),18
2024-07-04 19:15:54,sshd(pam_unix),18
2024-07-04 19:15:57,sshd(pam_unix),18
2024-07-04 19:15:59,sshd(pam_unix),18
2024-07-04 19:16:00,sshd(pam_unix),18
2024-07-04 19:16:00,sshd(pam_unix),18
2024-07-04 19:16:01,sshd(pam_unix),18
2024-07-05 04:03:16,su(pam_unix),102
2024-07-05 04:03:17,su(pam_unix),101
2024-07-05 04:03:18,logrotate,8
2024-07-05 04:09:29,su(pam_unix),102
2024-07-05 04:09:30,su(pam_unix),101
2024-07-05 13:36:28,sshd(pam_unix),27
2024-07-05 13:36:28,sshd(pam_unix),16
2024-07-05 13:36:28,sshd(pam_unix),27
2024-07-05 13:36:28,sshd(pam_unix),16
2024-07-05 13:36:33,sshd(pam_unix),27
2024-07-05 13:36:33,sshd(pam_unix),16
2024-07-05 13:36:36,sshd(pam_unix),16
2024-07-05 13:36:36,sshd(pam_unix),27
2024-07-05 13:36:37,sshd(pam_unix),27
2024-07-05 13:36:37,sshd(pam_unix),16
2024-07-05 13:52:21,ftpd,29
2024-07-05 13:52:21,ftpd,29
2024-07-05 13:52:21,ftpd,29
2024-07-05 13:52:21,ftpd,29
2024-07-05 13:52:21,ftpd,29
2024-07-05 13:52:21,ftpd,29
2024-07-05 13:52:21,ftpd,29
2024-07-05 13:52:21,ftpd,29
2024-07-05 13:52:21,ftpd,29
2024-07-05 13:52:21,ftpd,29
2024-07-05 13:52:21,ftpd,29
2024-07-05 13:52:21,ftpd,29
2024-07-05 13:52:21,ftpd,29
2024-07-05 13:52:23,ftpd,29
2024-07-05 13:52:23,ftpd,29
2024-07-05 13:52:23,ftpd,29
2024-07-05 13:52:23,ftpd,29
2024-07-05 13:52:23,ftpd,29
2024-07-05 13:52:23,ftpd,29
2024-07-05 13:52:23,ftpd,29
2024-07-05 13:52:23,ftpd,29
2024-07-05 13:52:23,ftpd,29
2024-07-05 13:52:23,ftpd,29
2024-07-06 02:22:31,sshd(pam_unix),18
2024-07-06 02:22:32,sshd(pam_unix),18
2024-07-06 02:22:32,sshd(pam_unix),18
2024-07-06 02:22:32,sshd(pam_unix),18
2024-07-06 02:22:33,sshd(pam_unix),18
2024-07-06 04:03:08,su(pam_unix),102
2024-07-06 04:03:09,su(pam_unix),101
2024-07-06 04:03:10,logrotate,8
2024-07-06 04:08:43,su(pam_unix),102
2024-07-06 04:08:44,su(pam_unix),101
2024-07-06 18:00:56,ftpd,29
2024-07-06 18:00:56,ftpd,29
2024-07-06 18:00:56,ftpd,29
2024-07-06 18:00:56,ftpd,29
2024-07-06 18:00:56,ftpd,29
2024-07-06 18:00:56,ftpd,29
2024-07-06 18:00:56,ftpd,29
2024-07-06 18:00:56,ftpd,29
2024-07-06 18:00:56,ftpd,29
2024-07-06 18:00:56,ftpd,29
2024-07-06 18:00:56,ftpd,29
2024-07-06 18:00:56,ftpd,29
2024-07-06 18:00:56,ftpd,29
2024-07-06 18:00:56,ftpd,29
2024-07-06 18:00:56,ftpd,29
2024-07-06 18:00:56,ftpd,29
2024-07-06 18:00:56,ftpd,29
2024-07-06 18:00:56,ftpd,29
2024-07-06 18:00:56,ftpd,29
2024-07-06 18:00:56,ftpd,29
2024-07-06 18:00:56,ftpd,29
2024-07-06 18:00:57,ftpd,29
2024-07-06 18:00:57,ftpd,29
2024-07-07 04:04:31,su(pam_unix),102
2024-07-07 04:04:32,su(pam_unix),101
2024-07-07 04:04:33,logrotate,8
2024-07-07 04:10:44,su(pam_unix),102
2024-07-07 04:10:45,su(pam_unix),101
2024-07-07 07:18:12,sshd(pam_unix),101
2024-07-07 07:18:12,sshd(pam_unix),101
2024-07-07 07:18:12,sshd(pam_unix),102
2024-07-07 07:18:12,sshd(pam_unix),102
2024-07-07 07:18:12,sshd(pam_unix),102
2024-07-07 07:18:12,sshd(pam_unix),101
2024-07-07 07:18:13,sshd(pam_unix),102
2024-07-07 07:18:13,sshd(pam_unix),102
2024-07-07 07:18:13,sshd(pam_unix),101
2024-07-07 07:18:13,sshd(pam_unix),102
2024-07-07 07:18:14,sshd(pam_unix),101
2024-07-07 07:18:14,sshd(pam_unix),101
2024-07-07 08:06:12,gpm,1
2024-07-07 08:06:12,gpm,51
2024-07-07 08:06:15,login(pam_unix),103
2024-07-07 08:06:15,-- root,91
2024-07-07 08:09:10,login(pam_unix),101
2024-07-07 08:09:11,udev,36
2024-07-07 08:09:11,udev,89
2024-07-07 08:09:11,udev,36
2024-07-07 08:09:11,udev,89
2024-07-07 08:09:11,udev,89
2024-07-07 08:09:11,udev,36
2024-07-07 08:09:11,udev,89
2024-07-07 08:09:11,udev,36
2024-07-07 14:18:55,sshd(pam_unix),27
2024-07-07 14:18:55,sshd(pam_unix),16
2024-07-07 14:18:57,sshd(pam_unix),27
2024-07-07 14:18:57,sshd(pam_unix),16
2024-07-07 14:18:58,sshd(pam_unix),16
2024-07-07 14:18:58,sshd(pam_unix),27
2024-07-07 14:18:59,sshd(pam_unix),27
2024-07-07 14:18:59,sshd(pam_unix),16
2024-07-07 16:33:52,ftpd,29
2024-07-07 16:33:52,ftpd,29
2024-07-07 16:33:52,ftpd,29
2024-07-07 16:33:52,ftpd,29
2024-07-07 16:33:52,ftpd,29
2024-07-07 16:33:52,ftpd,29
2024-07-07 16:33:52,ftpd,29
2024-07-07 16:33:52,ftpd,29
2024-07-07 16:33:52,ftpd,29
2024-07-07 16:33:52,ftpd,29
2024-07-07 16:33:52,ftpd,29
2024-07-07 16:33:52,ftpd,29
2024-07-07 23:09:45,ftpd,29
2024-07-07 23:09:45,ftpd,29
2024-07-07 23:09:45,ftpd,29
2024-07-07 23:09:45,ftpd,29
2024-07-07 23:09:45,ftpd,29
2024-07-07 23:09:45,ftpd,29
2024-07-07 23:09:45,ftpd,29
2024-07-07 23:09:45,ftpd,29
2024-07-07 23:09:45,ftpd,29
2024-07-07 23:09:45,ftpd,29
2024-07-07 23:09:45,ftpd,29
2024-07-07 23:09:45,ftpd,29
2024-07-07 23:09:45,ftpd,29
2024-07-07 23:09:45,ftpd,29
2024-07-07 23:09:45,ftpd,29
2024-07-07 23:09:45,ftpd,29
2024-07-07 23:09:45,ftpd,29
2024-07-07 23:09:47,ftpd,29
2024-07-07 23:09:50,ftpd,29
2024-07-08 04:04:19,su(pam_unix),102
2024-07-08 04:04:19,su(pam_unix),101
2024-07-08 04:04:20,logrotate,8
2024-07-08 04:12:07,su(pam_unix),102
2024-07-08 04:12:08,su(pam_unix),101
2024-07-08 20:14:55,sshd(pam_unix),19
2024-07-08 20:14:56,sshd(pam_unix),19
2024-07-08 20:14:56,sshd(pam_unix),19
2024-07-08 20:14:56,sshd(pam_unix),19
2024-07-09 04:04:23,su(pam_unix),102
2024-07-09 04:04:24,su(pam_unix),101
2024-07-09 04:04:25,logrotate,8
2024-07-09 04:10:11,su(pam_unix),102
2024-07-09 04:10:12,su(pam_unix),101
2024-07-09 11:35:59,ftpd,29
2024-07-09 11:35:59,ftpd,29
2024-07-09 11:35:59,ftpd,29
2024-07-09 11:35:59,ftpd,29
2024-07-09 11:35:59,ftpd,29
2024-07-09 11:35:59,ftpd,29
2024-07-09 11:35:59,ftpd,29
2024-07-09 11:35:59,ftpd,29
2024-07-09 11:35:59,ftpd,29
2024-07-09 11:35:59,ftpd,29
2024-07-09 11:35:59,ftpd,29
2024-07-09 11:35:59,ftpd,29
2024-07-09 11:35:59,ftpd,29
2024-07-09 11:35:59,ftpd,29
2024-07-09 11:35:59,ftpd,29
2024-07-09 11:35:59,ftpd,29
2024-07-09 11:35:59,ftpd,29
2024-07-09 11:35:59,ftpd,29
2024-07-09 11:35:59,ftpd,29
2024-07-09 11:35:59,ftpd,29
2024-07-09 11:35:59,ftpd,29
2024-07-09 11:35:59,ftpd,29
2024-07-09 11:35:59,ftpd,29
2024-07-09 12:16:49,ftpd,29
2024-07-09 12:16:49,ftpd,29
2024-07-09 12:16:49,ftpd,29
2024-07-09 12:16:49,ftpd,29
2024-07-09 12:16:49,ftpd,29
2024-07-09 12:16:49,ftpd,29
2024-07-09 12:16:49,ftpd,29
2024-07-09 12:16:49,ftpd,29
2024-07-09 12:16:49,ftpd,29
2024-07-09 12:16:49,ftpd,29
2024-07-09 12:16:49,ftpd,29
2024-07-09 12:16:51,ftpd,29
2024-07-09 12:16:51,ftpd,29
2024-07-09 12:16:51,ftpd,29
2024-07-09 12:16:51,ftpd,29
2024-07-09 12:16:51,ftpd,29
2024-07-09 12:16:52,ftpd,29
2024-07-09 12:16:52,ftpd,29
2024-07-09 12:59:44,ftpd,29
2024-07-09 12:59:44,ftpd,29
2024-07-09 12:59:44,ftpd,29
2024-07-09 12:59:44,ftpd,29
2024-07-09 12:59:44,ftpd,29
2024-07-09 12:59:44,ftpd,29
2024-07-09 12:59:44,ftpd,29
2024-07-09 12:59:44,ftpd,29
2024-07-09 12:59:44,ftpd,29
2024-07-09 12:59:44,ftpd,29
2024-07-09 12:59:44,ftpd,29
2024-07-09 12:59:44,ftpd,29
2024-07-09 12:59:44,ftpd,29
2024-07-09 12:59:44,ftpd,29
2024-07-09 12:59:44,ftpd,29
2024-07-09 12:59:44,ftpd,29
2024-07-09 12:59:44,ftpd,29
2024-07-09 12:59:44,ftpd,29
2024-07-09 12:59:45,ftpd,29
2024-07-09 12:59:45,ftpd,29
2024-07-09 12:59:45,ftpd,29
2024-07-09 12:59:45,ftpd,29
2024-07-09 12:59:45,ftpd,29
2024-07-09 19:34:06,sshd(pam_unix),18
2024-07-09 19:34:06,sshd(pam_unix),18
2024-07-09 19:34:06,sshd(pam_unix),18
2024-07-09 19:34:07,sshd(pam_unix),18
2024-07-09 19:34:09,sshd(pam_unix),18
2024-07-09 19:34:09,sshd(pam_unix),18
2024-07-09 19:34:10,sshd(pam_unix),18
2024-07-09 19:34:12,sshd(pam_unix),18
2024-07-09 19:34:13,sshd(pam_unix),18
2024-07-09 19:34:14,sshd(pam_unix),18
2024-07-09 22:53:19,ftpd,29
2024-07-09 22:53:19,ftpd,29
2024-07-09 22:53:19,ftpd,29
2024-07-09 22:53:19,ftpd,29
2024-07-09 22:53:19,ftpd,29
2024-07-09 22:53:19,ftpd,29
2024-07-09 22:53:22,ftpd,29
2024-07-09 22:53:22,ftpd,29
2024-07-09 22:53:22,ftpd,29
2024-07-09 22:53:22,ftpd,29
2024-07-09 22:53:22,ftpd,29
2024-07-09 22:53:22,ftpd,29
2024-07-09 22:53:22,ftpd,29
2024-07-09 22:53:22,ftpd,29
2024-07-09 22:53:22,ftpd,29
2024-07-09 22:53:22,ftpd,29
2024-07-09 22:53:22,ftpd,29
2024-07-09 22:53:22,ftpd,29
2024-07-09 22:53:22,ftpd,29
2024-07-09 22:53:22,ftpd,29
2024-07-09 22:53:22,ftpd,29
2024-07-09 22:53:22,ftpd,29
2024-07-09 22:53:22,ftpd,29
2024-07-10 03:55:15,ftpd,29
2024-07-10 03:55:15,ftpd,29
2024-07-10 03:55:15,ftpd,29
2024-07-10 03:55:15,ftpd,29
2024-07-10 03:55:15,ftpd,29
2024-07-10 03:55:15,ftpd,29
2024-07-10 03:55:15,ftpd,29
2024-07-10 03:55:15,ftpd,29
2024-07-10 03:55:15,ftpd,29
2024-07-10 03:55:15,ftpd,29
2024-07-10 03:55:15,ftpd,29
2024-07-10 03:55:15,ftpd,29
2024-07-10 03:55:15,ftpd,29
2024-07-10 03:55:15,ftpd,29
2024-07-10 03:55:15,ftpd,29
2024-07-10 03:55:15,ftpd,29
2024-07-10 03:55:15,ftpd,29
2024-07-10 03:55:15,ftpd,29
2024-07-10 03:55:15,ftpd,29
2024-07-10 03:55:15,ftpd,29
2024-07-10 03:55:15,ftpd,29
2024-07-10 03:55:15,ftpd,29
2024-07-10 03:55:15,ftpd,29
2024-07-10 04:04:31,su(pam_unix),102
2024-07-10 04:04:32,su(pam_unix),101
2024-07-10 04:04:33,cups,37
2024-07-10 04:04:39,cups,38
2024-07-10 04:04:46,syslogd 1.4.1,90
2024-07-10 04:04:46,logrotate,8
2024-07-10 04:10:47,su(pam_unix),102
2024-07-10 04:10:47,su(pam_unix),101
2024-07-10 07:24:24,ftpd,29
2024-07-10 07:24:24,ftpd,29
2024-07-10 07:24:24,ftpd,29
2024-07-10 07:24:24,ftpd,29
2024-07-10 07:24:24,ftpd,29
2024-07-10 07:24:24,ftpd,29
2024-07-10 07:24:24,ftpd,29
2024-07-10 07:24:24,ftpd,29
2024-07-10 07:24:24,ftpd,29
2024-07-10 07:24:24,ftpd,29
2024-07-10 07:24:24,ftpd,29
2024-07-10 07:24:34,ftpd,29
2024-07-10 07:24:34,ftpd,29
2024-07-10 07:24:34,ftpd,29
2024-07-10 07:24:34,ftpd,29
2024-07-10 07:24:34,ftpd,29
2024-07-10 07:24:34,ftpd,29
2024-07-10 07:24:34,ftpd,29
2024-07-10 07:24:34,ftpd,29
2024-07-10 07:24:34,ftpd,29
2024-07-10 07:24:34,ftpd,29
2024-07-10 07:24:34,ftpd,29
2024-07-10 07:24:34,ftpd,29
2024-07-10 13:17:22,ftpd,29
2024-07-10 13:17:22,ftpd,29
2024-07-10 13:17:22,ftpd,29
2024-07-10 13:17:22,ftpd,29
2024-07-10 13:17:22,ftpd,29
2024-07-10 13:17:22,ftpd,29
2024-07-10 13:17:22,ftpd,29
2024-07-10 13:17:22,ftpd,29
2024-07-10 13:17:22,ftpd,29
2024-07-10 13:17:22,ftpd,29
2024-07-10 13:17:22,ftpd,29
2024-07-10 13:17:22,ftpd,29
2024-07-10 13:17:22,ftpd,29
2024-07-10 13:17:22,ftpd,29
2024-07-10 13:17:22,ftpd,29
2024-07-10 13:17:22,ftpd,29
2024-07-10 13:17:22,ftpd,29
2024-07-10 13:17:22,ftpd,29
2024-07-10 13:17:22,ftpd,29
2024-07-10 13:17:22,ftpd,29
2024-07-10 13:17:22,ftpd,29
2024-07-10 13:17:22,ftpd,29
2024-07-10 13:17:22,ftpd,29
2024-07-10 16:01:43,sshd(pam_unix),18
2024-07-10 16:01:44,sshd(pam_unix),18
2024-07-10 16:01:45,sshd(pam_unix),18
2024-07-10 16:01:45,sshd(pam_unix),18
2024-07-10 16:01:46,sshd(pam_unix),18
2024-07-10 16:01:47,sshd(pam_unix),18
2024-07-10 16:01:48,sshd(pam_unix),18
2024-07-10 16:01:48,sshd(pam_unix),18
2024-07-10 16:01:48,sshd(pam_unix),18
2024-07-10 16:01:49,sshd(pam_unix),18
2024-07-10 16:01:56,sshd(pam_unix),18
2024-07-10 16:01:57,sshd(pam_unix),18
2024-07-10 16:01:58,sshd(pam_unix),18
2024-07-10 16:01:58,sshd(pam_unix),18
2024-07-10 16:01:59,sshd(pam_unix),18
2024-07-10 16:01:59,sshd(pam_unix),18
2024-07-10 16:02:01,sshd(pam_unix),18
2024-07-10 16:02:01,sshd(pam_unix),18
2024-07-10 16:02:01,sshd(pam_unix),18
2024-07-10 16:02:02,sshd(pam_unix),18
2024-07-10 16:02:08,sshd(pam_unix),18
2024-07-10 16:02:09,sshd(pam_unix),18
2024-07-10 16:02:10,sshd(pam_unix),18
2024-07-10 16:02:10,sshd(pam_unix),18
2024-07-10 16:02:12,sshd(pam_unix),18
2024-07-10 16:02:12,sshd(pam_unix),18
2024-07-10 16:02:13,sshd(pam_unix),18
2024-07-10 16:02:14,sshd(pam_unix),18
2024-07-10 16:02:14,sshd(pam_unix),18
2024-07-10 16:02:14,sshd(pam_unix),18
2024-07-10 16:02:21,sshd(pam_unix),18
2024-07-10 16:02:21,sshd(pam_unix),18
2024-07-10 16:02:23,sshd(pam_unix),18
2024-07-10 16:02:23,sshd(pam_unix),18
2024-07-10 16:02:24,sshd(pam_unix),18
2024-07-10 16:02:25,sshd(pam_unix),18
2024-07-10 16:02:26,sshd(pam_unix),18
2024-07-10 16:02:27,sshd(pam_unix),18
2024-07-10 16:02:27,sshd(pam_unix),18
2024-07-10 16:02:27,sshd(pam_unix),18
2024-07-10 16:02:33,sshd(pam_unix),18
2024-07-10 16:02:34,sshd(pam_unix),18
2024-07-10 16:02:35,sshd(pam_unix),18
2024-07-10 16:02:35,sshd(pam_unix),18
2024-07-10 16:02:36,sshd(pam_unix),18
2024-07-10 16:02:37,sshd(pam_unix),18
2024-07-10 16:02:39,sshd(pam_unix),18
2024-07-10 16:02:39,sshd(pam_unix),18
2024-07-10 16:02:40,sshd(pam_unix),18
2024-07-10 16:02:40,sshd(pam_unix),18
2024-07-10 16:02:45,sshd(pam_unix),18
2024-07-10 16:02:46,sshd(pam_unix),18
2024-07-10 16:02:47,sshd(pam_unix),18
2024-07-10 16:02:47,sshd(pam_unix),18
2024-07-10 16:02:49,sshd(pam_unix),18
2024-07-10 16:02:50,sshd(pam_unix),18
2024-07-10 16:02:52,sshd(pam_unix),18
2024-07-10 16:02:52,sshd(pam_unix),18
2024-07-10 16:02:52,sshd(pam_unix),18
2024-07-10 16:02:53,sshd(pam_unix),18
2024-07-10 16:02:57,sshd(pam_unix),18
2024-07-10 16:02:58,sshd(pam_unix),18
2024-07-10 16:03:00,sshd(pam_unix),18
2024-07-10 16:03:00,sshd(pam_unix),18
2024-07-10 16:03:01,sshd(pam_unix),18
2024-07-10 16:03:03,sshd(pam_unix),18
2024-07-10 16:03:05,sshd(pam_unix),18
2024-07-10 16:03:05,sshd(pam_unix),18
2024-07-10 16:03:05,sshd(pam_unix),18
2024-07-10 16:03:05,sshd(pam_unix),18
2024-07-10 16:03:10,sshd(pam_unix),18
2024-07-10 16:03:11,sshd(pam_unix),18
2024-07-10 16:03:12,sshd(pam_unix),18
2024-07-10 16:03:12,sshd(pam_unix),18
2024-07-10 16:03:13,sshd(pam_unix),18
2024-07-10 16:03:16,sshd(pam_unix),18
2024-07-10 16:03:18,sshd(pam_unix),18
2024-07-10 16:03:18,sshd(pam_unix),18
2024-07-10 16:03:18,sshd(pam_unix),18
2024-07-10 16:03:18,sshd(pam_unix),18
2024-07-10 16:33:01,sshd(pam_unix),18
2024-07-10 16:33:01,sshd(pam_unix),18
2024-07-10 16:33:02,sshd(pam_unix),18
2024-07-10 16:33:02,sshd(pam_unix),18
2024-07-10 16:33:02,sshd(pam_unix),18
2024-07-10 16:33:03,sshd(pam_unix),18
2024-07-10 16:33:03,sshd(pam_unix),18
2024-07-10 16:33:04,sshd(pam_unix),18
2024-07-10 16:33:05,sshd(pam_unix),18
2024-07-10 16:33:05,sshd(pam_unix),18
2024-07-11 03:46:14,sshd(pam_unix),18
2024-07-11 03:46:15,sshd(pam_unix),18
2024-07-11 03:46:15,sshd(pam_unix),18
2024-07-11 03:46:15,sshd(pam_unix),18
2024-07-11 03:46:15,sshd(pam_unix),18
2024-07-11 03:46:15,sshd(pam_unix),18
2024-07-11 03:46:16,sshd(pam_unix),18
2024-07-11 03:46:17,sshd(pam_unix),18
2024-07-11 03:46:17,sshd(pam_unix),18
2024-07-11 03:46:19,sshd(pam_unix),18
2024-07-11 04:03:03,su(pam_unix),102
2024-07-11 04:03:04,su(pam_unix),101
2024-07-11 04:03:05,logrotate,8
2024-07-11 04:08:37,su(pam_unix),102
2024-07-11 04:08:38,su(pam_unix),101
2024-07-11 11:33:13,gdm(pam_unix),27
2024-07-11 11:33:13,gdm(pam_unix),15
2024-07-11 11:33:17,gdm-binary,31
2024-07-11 17:58:16,sshd(pam_unix),18
2024-07-11 17:58:16,sshd(pam_unix),18
2024-07-11 17:58:16,sshd(pam_unix),18
2024-07-11 17:58:19,sshd(pam_unix),18
2024-07-11 17:58:20,sshd(pam_unix),18
2024-07-11 17:58:21,sshd(pam_unix),18
2024-07-11 17:58:21,sshd(pam_unix),18
2024-07-11 17:58:21,sshd(pam_unix),18
2024-07-11 17:58:22,sshd(pam_unix),18
2024-07-11 17:58:23,sshd(pam_unix),18
2024-07-12 04:03:40,su(pam_unix),102
2024-07-12 04:03:41,su(pam_unix),101
2024-07-12 04:03:42,logrotate,8
2024-07-12 04:09:49,su(pam_unix),102
2024-07-12 04:09:50,su(pam_unix),101
2024-07-12 06:09:43,sshd(pam_unix),18
2024-07-12 06:09:44,sshd(pam_unix),18
2024-07-12 06:09:44,sshd(pam_unix),18
2024-07-12 06:09:44,sshd(pam_unix),18
2024-07-12 06:09:44,sshd(pam_unix),18
2024-07-12 06:09:44,sshd(pam_unix),18
2024-07-12 06:09:44,sshd(pam_unix),18
2024-07-12 06:09:45,sshd(pam_unix),18
2024-07-12 06:09:45,sshd(pam_unix),18
2024-07-12 06:09:45,sshd(pam_unix),18
2024-07-13 04:04:44,su(pam_unix),102
2024-07-13 04:04:45,su(pam_unix),101
2024-07-13 04:04:45,logrotate,8
2024-07-13 04:10:41,su(pam_unix),101
2024-07-13 04:10:41,su(pam_unix),102
2024-07-13 17:22:28,sshd(pam_unix),102
2024-07-13 17:22:28,sshd(pam_unix),102
2024-07-13 17:22:29,sshd(pam_unix),101
2024-07-13 17:22:29,sshd(pam_unix),101
2024-07-13 17:22:29,sshd(pam_unix),102
2024-07-13 17:22:29,sshd(pam_unix),101
2024-07-14 04:08:24,su(pam_unix),102
2024-07-14 04:08:25,su(pam_unix),101
2024-07-14 04:08:25,logrotate,8
2024-07-14 04:14:38,su(pam_unix),102
2024-07-14 04:14:39,su(pam_unix),101
2024-07-14 14:59:42,sshd(pam_unix),18
2024-07-14 14:59:56,sshd(pam_unix),18
2024-07-14 15:00:09,sshd(pam_unix),18
2024-07-14 15:00:22,sshd(pam_unix),18
2024-07-14 15:00:36,sshd(pam_unix),18
2024-07-14 15:00:49,sshd(pam_unix),18
2024-07-14 15:01:03,sshd(pam_unix),18
2024-07-14 15:01:16,sshd(pam_unix),18
2024-07-15 01:03:48,sshd(pam_unix),18
2024-07-15 01:03:48,sshd(pam_unix),18
2024-07-15 01:03:48,sshd(pam_unix),18
2024-07-15 01:03:48,sshd(pam_unix),18
2024-07-15 01:03:48,sshd(pam_unix),18
2024-07-15 01:03:48,sshd(pam_unix),18
2024-07-15 01:03:49,sshd(pam_unix),18
2024-07-15 01:03:49,sshd(pam_unix),18
2024-07-15 01:03:50,sshd(pam_unix),18
2024-07-15 01:03:50,sshd(pam_unix),18
2024-07-15 04:05:02,su(pam_unix),102
2024-07-15 04:05:02,su(pam_unix),101
2024-07-15 04:05:03,logrotate,8
2024-07-15 04:10:45,su(pam_unix),102
2024-07-15 04:10:46,su(pam_unix),101
2024-07-15 23:42:43,ftpd,29
2024-07-15 23:42:43,ftpd,29
2024-07-15 23:42:43,ftpd,29
2024-07-15 23:42:43,ftpd,29
2024-07-15 23:42:43,ftpd,29
2024-07-15 23:42:43,ftpd,29
2024-07-15 23:42:43,ftpd,29
2024-07-15 23:42:43,ftpd,29
2024-07-15 23:42:43,ftpd,29
2024-07-15 23:42:43,ftpd,29
2024-07-15 23:42:43,ftpd,29
2024-07-15 23:42:43,ftpd,29
2024-07-15 23:42:43,ftpd,29
2024-07-15 23:42:43,ftpd,29
2024-07-15 23:42:43,ftpd,29
2024-07-15 23:42:43,ftpd,29
2024-07-15 23:42:43,ftpd,29
2024-07-15 23:42:43,ftpd,29
2024-07-15 23:42:43,ftpd,29
2024-07-15 23:42:43,ftpd,29
2024-07-15 23:42:43,ftpd,29
2024-07-15 23:42:44,ftpd,29
2024-07-16 04:07:32,su(pam_unix),102
2024-07-16 04:07:33,su(pam_unix),101
2024-07-16 04:07:34,logrotate,8
2024-07-16 04:13:59,su(pam_unix),102
2024-07-16 04:14:00,su(pam_unix),101
2024-07-16 08:14:04,ftpd,29
2024-07-16 08:14:04,ftpd,29
2024-07-16 08:14:04,ftpd,29
2024-07-16 08:14:07,ftpd,29
2024-07-16 08:14:07,ftpd,29
2024-07-16 08:14:07,ftpd,29
2024-07-16 08:14:07,ftpd,29
2024-07-16 08:14:07,ftpd,29
2024-07-16 08:14:07,ftpd,29
2024-07-16 08:14:07,ftpd,29
2024-07-16 08:14:07,ftpd,29
2024-07-16 08:14:07,ftpd,29
2024-07-16 08:14:07,ftpd,29
2024-07-16 08:14:07,ftpd,29
2024-07-16 08:14:07,ftpd,29
2024-07-16 08:14:07,ftpd,29
2024-07-16 08:14:07,ftpd,29
2024-07-16 08:14:07,ftpd,29
2024-07-16 08:14:07,ftpd,29
2024-07-16 08:14:07,ftpd,29
2024-07-16 08:14:07,ftpd,29
2024-07-16 08:14:07,ftpd,29
2024-07-16 08:14:07,ftpd,29
2024-07-17 04:06:32,ftpd,29
2024-07-17 04:06:32,ftpd,29
2024-07-17 04:08:08,su(pam_unix),102
2024-07-17 04:08:09,su(pam_unix),101
2024-07-17 04:08:10,cups,37
2024-07-17 04:08:16,cups,38
2024-07-17 04:08:23,syslogd 1.4.1,90
2024-07-17 04:08:23,logrotate,8
2024-07-17 04:13:57,su(pam_unix),102
2024-07-17 04:13:58,su(pam_unix),101
2024-07-17 06:13:37,ftpd,29
2024-07-17 06:13:37,ftpd,29
2024-07-17 06:13:37,ftpd,29
2024-07-17 06:13:37,ftpd,29
2024-07-17 06:13:37,ftpd,29
2024-07-17 06:13:37,ftpd,29
2024-07-17 06:13:37,ftpd,29
2024-07-17 06:13:37,ftpd,29
2024-07-17 06:13:37,ftpd,29
2024-07-17 06:13:37,ftpd,29
2024-07-17 06:13:37,ftpd,29
2024-07-17 06:13:37,ftpd,29
2024-07-17 06:13:37,ftpd,29
2024-07-17 06:13:37,ftpd,29
2024-07-17 06:13:38,ftpd,29
2024-07-17 06:13:38,ftpd,29
2024-07-17 06:13:38,ftpd,29
2024-07-17 06:13:38,ftpd,29
2024-07-17 06:13:38,ftpd,29
2024-07-17 06:14:36,ftpd,29
2024-07-17 06:14:36,ftpd,29
2024-07-17 06:14:36,ftpd,29
2024-07-17 06:14:36,ftpd,29
2024-07-17 06:14:36,ftpd,29
2024-07-17 06:14:36,ftpd,29
2024-07-17 06:14:36,ftpd,29
2024-07-17 06:14:36,ftpd,29
2024-07-17 06:14:36,ftpd,29
2024-07-17 06:14:36,ftpd,29
2024-07-17 06:14:36,ftpd,29
2024-07-17 08:06:12,ftpd,29
2024-07-17 08:06:12,ftpd,29
2024-07-17 08:06:12,ftpd,29
2024-07-17 08:06:12,ftpd,29
2024-07-17 08:06:12,ftpd,29
2024-07-17 08:06:12,ftpd,29
2024-07-17 08:06:12,ftpd,29
2024-07-17 08:06:12,ftpd,29
2024-07-17 08:06:12,ftpd,29
2024-07-17 08:06:12,ftpd,29
2024-07-17 08:06:12,ftpd,29
2024-07-17 08:06:12,ftpd,29
2024-07-17 08:06:12,ftpd,29
2024-07-17 08:06:12,ftpd,29
2024-07-17 08:06:12,ftpd,29
2024-07-17 08:06:12,ftpd,29
2024-07-17 08:06:12,ftpd,29
2024-07-17 08:06:12,ftpd,29
2024-07-17 08:06:12,ftpd,29
2024-07-17 08:06:12,ftpd,29
2024-07-17 08:06:12,ftpd,29
2024-07-17 08:06:12,ftpd,29
2024-07-17 08:06:14,ftpd,29
2024-07-17 09:44:07,ftpd,29
2024-07-17 09:44:07,ftpd,29
2024-07-17 09:44:07,ftpd,29
2024-07-17 09:44:07,ftpd,29
2024-07-17 09:44:07,ftpd,29
2024-07-17 09:44:07,ftpd,29
2024-07-17 09:44:07,ftpd,29
2024-07-17 09:44:07,ftpd,29
2024-07-17 09:44:07,ftpd,29
2024-07-17 10:45:07,sshd(pam_unix),18
2024-07-17 10:45:07,sshd(pam_unix),18
2024-07-17 10:45:07,sshd(pam_unix),18
2024-07-17 12:30:35,ftpd,29
2024-07-17 12:30:37,ftpd,29
2024-07-17 12:30:42,ftpd,29
2024-07-17 12:30:43,ftpd,29
2024-07-17 12:30:43,ftpd,29
2024-07-17 12:30:46,ftpd,29
2024-07-17 12:30:47,ftpd,29
2024-07-17 12:30:48,ftpd,29
2024-07-17 12:30:48,ftpd,29
2024-07-17 12:30:51,ftpd,29
2024-07-17 12:30:53,ftpd,29
2024-07-17 12:30:53,ftpd,29
2024-07-17 12:30:54,ftpd,29
2024-07-17 12:30:57,ftpd,29
2024-07-17 12:30:57,ftpd,29
2024-07-17 12:30:58,ftpd,29
2024-07-17 12:30:58,ftpd,29
2024-07-17 12:30:58,ftpd,29
2024-07-17 12:30:59,ftpd,29
2024-07-17 12:30:59,ftpd,29
2024-07-17 12:30:59,ftpd,29
2024-07-17 12:31:00,ftpd,29
2024-07-17 12:31:04,ftpd,29
2024-07-17 14:02:39,ftpd,29
2024-07-17 14:02:43,ftpd,29
2024-07-17 14:02:43,ftpd,29
2024-07-17 14:02:44,ftpd,29
2024-07-17 14:02:47,ftpd,29
2024-07-17 14:02:48,ftpd,29
2024-07-17 14:02:49,ftpd,29
2024-07-17 14:02:49,ftpd,29
2024-07-17 14:02:49,ftpd,29
2024-07-17 14:02:49,ftpd,29
2024-07-17 14:02:54,ftpd,29
2024-07-17 14:02:54,ftpd,29
2024-07-17 14:02:54,ftpd,29
2024-07-17 14:02:55,ftpd,29
2024-07-17 14:02:57,ftpd,29
2024-07-17 14:02:59,ftpd,29
2024-07-17 14:02:59,ftpd,29
2024-07-17 14:03:00,ftpd,29
2024-07-17 14:03:00,ftpd,29
2024-07-17 14:03:00,ftpd,29
2024-07-17 14:03:04,ftpd,29
2024-07-17 14:03:04,ftpd,29
2024-07-17 14:03:05,ftpd,29
2024-07-17 15:09:15,ftpd,29
2024-07-17 15:09:15,ftpd,29
2024-07-17 15:09:15,ftpd,29
2024-07-17 15:09:15,ftpd,29
2024-07-17 15:09:15,ftpd,29
2024-07-17 15:09:15,ftpd,29
2024-07-17 15:09:15,ftpd,29
2024-07-17 15:09:15,ftpd,29
2024-07-17 15:09:15,ftpd,29
2024-07-17 15:09:15,ftpd,29
2024-07-17 15:09:15,ftpd,29
2024-07-17 15:09:15,ftpd,29
2024-07-17 15:09:15,ftpd,29
2024-07-17 15:09:15,ftpd,29
2024-07-17 15:09:15,ftpd,29
2024-07-17 15:09:15,ftpd,29
2024-07-17 15:09:15,ftpd,29
2024-07-17 15:09:15,ftpd,29
2024-07-17 15:09:16,ftpd,29
2024-07-17 15:09:16,ftpd,29
2024-07-17 15:09:16,ftpd,29
2024-07-17 15:09:16,ftpd,29
2024-07-17 15:09:17,ftpd,29
2024-07-17 21:23:20,ftpd,29
2024-07-17 21:23:20,ftpd,29
2024-07-17 21:23:20,ftpd,29
2024-07-17 21:23:20,ftpd,29
2024-07-17 21:23:20,ftpd,29
2024-07-17 21:23:20,ftpd,29
2024-07-17 21:23:20,ftpd,29
2024-07-17 21:23:20,ftpd,29
2024-07-17 21:23:20,ftpd,29
2024-07-17 21:23:20,ftpd,29
2024-07-17 21:23:20,ftpd,29
2024-07-17 21:23:20,ftpd,29
2024-07-17 21:23:20,ftpd,29
2024-07-17 21:23:20,ftpd,29
2024-07-17 21:23:20,ftpd,29
2024-07-17 21:23:20,ftpd,29
2024-07-17 21:23:23,ftpd,29
2024-07-17 21:23:24,ftpd,29
2024-07-17 21:23:24,ftpd,29
2024-07-17 21:23:24,ftpd,29
2024-07-17 21:23:24,ftpd,29
2024-07-17 21:23:24,ftpd,29
2024-07-17 21:23:24,ftpd,29
2024-07-17 23:21:50,ftpd,29
2024-07-17 23:21:54,ftpd,29
2024-07-17 23:21:54,ftpd,29
2024-07-17 23:21:54,ftpd,29
2024-07-17 23:21:54,ftpd,29
2024-07-17 23:21:54,ftpd,29
2024-07-17 23:21:54,ftpd,29
2024-07-17 23:21:54,ftpd,29
2024-07-17 23:21:54,ftpd,29
2024-07-17 23:21:54,ftpd,29
2024-07-17 23:21:54,ftpd,29
2024-07-17 23:21:54,ftpd,29
2024-07-17 23:21:54,ftpd,29
2024-07-17 23:21:54,ftpd,29
2024-07-17 23:21:54,ftpd,29
2024-07-17 23:21:54,ftpd,29
2024-07-17 23:21:54,ftpd,29
2024-07-17 23:21:54,ftpd,29
2024-07-17 23:21:54,ftpd,29
2024-07-17 23:21:54,ftpd,29
2024-07-17 23:21:54,ftpd,29
2024-07-17 23:21:54,ftpd,29
2024-07-17 23:21:54,ftpd,29
2024-07-18 03:26:48,ftpd,29
2024-07-18 03:26:48,ftpd,29
2024-07-18 03:26:48,ftpd,29
2024-07-18 03:26:48,ftpd,29
2024-07-18 03:26:48,ftpd,29
2024-07-18 03:26:48,ftpd,29
2024-07-18 03:26:48,ftpd,29
2024-07-18 03:26:48,ftpd,29
2024-07-18 03:26:49,ftpd,29
2024-07-18 03:26:49,ftpd,29
2024-07-18 03:26:49,ftpd,29
2024-07-18 03:26:49,ftpd,29
2024-07-18 03:26:49,ftpd,29
2024-07-18 03:26:49,ftpd,29
2024-07-18 03:26:49,ftpd,29
2024-07-18 03:26:49,ftpd,29
2024-07-18 03:26:49,ftpd,29
2024-07-18 03:26:49,ftpd,29
2024-07-18 03:26:49,ftpd,29
2024-07-18 03:26:49,ftpd,29
2024-07-18 03:26:49,ftpd,29
2024-07-18 04:03:24,su(pam_unix),102
2024-07-18 04:03:24,su(pam_unix),101
2024-07-18 04:03:25,logrotate,8
2024-07-18 04:09:29,su(pam_unix),102
2024-07-18 04:09:30,su(pam_unix),101
2024-07-18 23:01:25,sshd(pam_unix),16
2024-07-18 23:01:25,sshd(pam_unix),27
2024-07-18 23:01:25,sshd(pam_unix),16
2024-07-18 23:01:25,sshd(pam_unix),27
2024-07-18 23:01:25,sshd(pam_unix),16
2024-07-18 23:01:25,sshd(pam_unix),27
2024-07-18 23:01:25,sshd(pam_unix),27
2024-07-18 23:01:25,sshd(pam_unix),16
2024-07-18 23:01:26,sshd(pam_unix),27
2024-07-18 23:01:26,sshd(pam_unix),16
2024-07-18 23:01:27,sshd(pam_unix),27
2024-07-18 23:01:27,sshd(pam_unix),27
2024-07-18 23:01:27,sshd(pam_unix),16
2024-07-18 23:01:27,sshd(pam_unix),16
2024-07-18 23:01:27,sshd(pam_unix),16
2024-07-18 23:01:27,sshd(pam_unix),16
2024-07-18 23:01:27,sshd(pam_unix),27
2024-07-18 23:01:27,sshd(pam_unix),16
2024-07-18 23:01:27,sshd(pam_unix),27
2024-07-18 23:01:27,sshd(pam_unix),27
2024-07-19 04:03:43,su(pam_unix),102
2024-07-19 04:03:44,su(pam_unix),101
2024-07-19 04:03:45,logrotate,8
2024-07-19 04:09:28,su(pam_unix),102
2024-07-19 04:09:29,su(pam_unix),101
2024-07-19 07:35:41,sshd(pam_unix),18
2024-07-19 07:35:41,sshd(pam_unix),18
2024-07-19 07:35:41,sshd(pam_unix),18
2024-07-19 07:35:41,sshd(pam_unix),18
2024-07-19 07:35:41,sshd(pam_unix),18
2024-07-19 07:35:41,sshd(pam_unix),18
2024-07-19 07:35:41,sshd(pam_unix),18
2024-07-19 07:35:41,sshd(pam_unix),18
2024-07-19 07:35:41,sshd(pam_unix),18
2024-07-19 07:35:41,sshd(pam_unix),18
2024-07-20 04:05:02,su(pam_unix),102
2024-07-20 04:05:03,su(pam_unix),101
2024-07-20 04:05:04,logrotate,8
2024-07-20 04:11:27,su(pam_unix),102
2024-07-20 04:11:28,su(pam_unix),101
2024-07-20 23:37:40,sshd(pam_unix),27
2024-07-20 23:37:40,sshd(pam_unix),16
2024-07-20 23:37:40,sshd(pam_unix),27
2024-07-20 23:37:40,sshd(pam_unix),16
2024-07-20 23:37:40,sshd(pam_unix),27
2024-07-20 23:37:40,sshd(pam_unix),16
2024-07-20 23:37:46,sshd(pam_unix),27
2024-07-20 23:37:46,sshd(pam_unix),16
2024-07-20 23:37:46,sshd(pam_unix),27
2024-07-20 23:37:46,sshd(pam_unix),16
2024-07-21 01:30:45,sshd(pam_unix),18
2024-07-21 01:30:49,sshd(pam_unix),18
2024-07-21 01:30:50,sshd(pam_unix),18
2024-07-21 01:30:50,sshd(pam_unix),18
2024-07-21 04:11:26,su(pam_unix),102
2024-07-21 04:11:27,su(pam_unix),101
2024-07-21 04:11:28,logrotate,8
2024-07-21 04:16:55,su(pam_unix),101
2024-07-21 04:16:55,su(pam_unix),102
2024-07-21 09:04:41,ftpd,29
2024-07-21 09:04:41,ftpd,29
2024-07-21 09:04:41,ftpd,29
2024-07-21 09:04:41,ftpd,29
2024-07-21 09:04:41,ftpd,29
2024-07-21 09:04:41,ftpd,29
2024-07-21 09:04:41,ftpd,29
2024-07-21 09:04:41,ftpd,29
2024-07-21 09:04:41,ftpd,29
2024-07-21 09:04:41,ftpd,29
2024-07-21 09:04:41,ftpd,29
2024-07-21 09:04:41,ftpd,29
2024-07-21 09:04:41,ftpd,29
2024-07-21 09:04:41,ftpd,29
2024-07-21 09:04:41,ftpd,29
2024-07-21 09:04:41,ftpd,29
2024-07-21 09:04:41,ftpd,29
2024-07-21 09:04:41,ftpd,29
2024-07-21 09:04:41,ftpd,29
2024-07-21 09:04:41,ftpd,29
2024-07-21 09:04:41,ftpd,29
2024-07-21 09:04:41,ftpd,29
2024-07-21 09:04:43,ftpd,29
2024-07-21 15:18:30,sshd(pam_unix),18
2024-07-21 15:18:30,sshd(pam_unix),18
2024-07-22 04:07:46,su(pam_unix),102
2024-07-22 04:07:47,su(pam_unix),101
2024-07-22 04:07:47,logrotate,8
2024-07-22 04:15:14,su(pam_unix),102
2024-07-22 04:15:14,su(pam_unix),101
2024-07-22 09:27:24,ftpd,29
2024-07-22 09:27:24,ftpd,29
2024-07-22 09:27:24,ftpd,29
2024-07-22 09:27:24,ftpd,29
2024-07-22 09:27:24,ftpd,29
2024-07-22 09:27:24,ftpd,29
2024-07-22 09:27:24,ftpd,29
2024-07-22 09:27:24,ftpd,29
2024-07-22 09:27:24,ftpd,29
2024-07-22 09:27:24,ftpd,29
2024-07-22 09:27:24,ftpd,29
2024-07-22 09:27:24,ftpd,29
2024-07-22 09:27:24,ftpd,29
2024-07-22 09:27:24,ftpd,29
2024-07-22 09:27:24,ftpd,29
2024-07-22 09:27:24,ftpd,29
2024-07-22 09:27:24,ftpd,29
2024-07-22 09:27:24,ftpd,29
2024-07-22 09:27:24,ftpd,29
2024-07-22 09:27:24,ftpd,29
2024-07-22 09:27:24,ftpd,29
2024-07-22 09:27:24,ftpd,29
2024-07-22 09:27:24,ftpd,29
2024-07-22 19:29:09,ftpd,29
2024-07-22 19:29:09,ftpd,29
2024-07-22 19:29:09,ftpd,29
2024-07-22 19:29:09,ftpd,29
2024-07-22 19:29:09,ftpd,29
2024-07-22 19:29:09,ftpd,29
2024-07-22 19:29:09,ftpd,29
2024-07-22 19:29:09,ftpd,29
2024-07-22 19:29:09,ftpd,29
2024-07-22 19:29:09,ftpd,29
2024-07-22 19:29:09,ftpd,29
2024-07-22 19:29:09,ftpd,29
2024-07-22 19:29:09,ftpd,29
2024-07-22 19:29:09,ftpd,29
2024-07-22 19:29:09,ftpd,29
2024-07-22 19:29:09,ftpd,29
2024-07-22 19:29:09,ftpd,29
2024-07-22 19:29:09,ftpd,29
2024-07-22 19:29:09,ftpd,29
2024-07-22 19:29:09,ftpd,29
2024-07-22 19:29:09,ftpd,29
2024-07-22 19:29:09,ftpd,29
2024-07-22 19:29:10,ftpd,29
2024-07-23 04:09:35,su(pam_unix),102
2024-07-23 04:09:36,su(pam_unix),101
2024-07-23 04:09:37,logrotate,8
2024-07-23 04:15:13,su(pam_unix),102
2024-07-23 04:15:13,su(pam_unix),101
2024-07-23 11:46:41,sshd(pam_unix),18
2024-07-23 20:04:41,sshd(pam_unix),18
2024-07-23 20:04:41,sshd(pam_unix),18
2024-07-23 20:04:41,sshd(pam_unix),18
2024-07-23 20:04:41,sshd(pam_unix),18
2024-07-23 20:04:41,sshd(pam_unix),18
2024-07-23 20:04:41,sshd(pam_unix),18
2024-07-23 20:04:41,sshd(pam_unix),18
2024-07-23 20:04:41,sshd(pam_unix),18
2024-07-23 20:04:42,sshd(pam_unix),18
2024-07-23 20:04:42,sshd(pam_unix),18
2024-07-24 02:38:22,ftpd,29
2024-07-24 02:38:22,ftpd,29
2024-07-24 02:38:22,ftpd,29
2024-07-24 02:38:22,ftpd,29
2024-07-24 02:38:22,ftpd,29
2024-07-24 02:38:22,ftpd,29
2024-07-24 02:38:22,ftpd,29
2024-07-24 02:38:22,ftpd,29
2024-07-24 02:38:22,ftpd,29
2024-07-24 02:38:22,ftpd,29
2024-07-24 02:38:22,ftpd,29
2024-07-24 02:38:22,ftpd,29
2024-07-24 02:38:22,ftpd,29
2024-07-24 02:38:22,ftpd,29
2024-07-24 02:38:22,ftpd,29
2024-07-24 02:38:22,ftpd,29
2024-07-24 02:38:22,ftpd,29
2024-07-24 02:38:22,ftpd,29
2024-07-24 02:38:22,ftpd,29
2024-07-24 02:38:22,ftpd,29
2024-07-24 02:38:22,ftpd,29
2024-07-24 02:38:22,ftpd,29
2024-07-24 02:38:22,ftpd,29
2024-07-24 02:38:23,ftpd,9
2024-07-24 02:38:23,ftpd,9
2024-07-24 04:20:19,su(pam_unix),102
2024-07-24 04:20:19,su(pam_unix),101
2024-07-24 04:20:21,cups,37
2024-07-24 04:20:26,cups,38
2024-07-24 04:20:42,syslogd 1.4.1,90
2024-07-24 04:20:42,logrotate,8
2024-07-24 04:33:57,su(pam_unix),102
2024-07-24 04:33:58,su(pam_unix),101
2024-07-24 08:31:57,sshd(pam_unix),18
2024-07-24 08:31:57,sshd(pam_unix),18
2024-07-24 08:31:59,sshd(pam_unix),18
2024-07-24 08:31:59,sshd(pam_unix),18
2024-07-24 08:31:59,sshd(pam_unix),18
2024-07-24 13:46:32,ftpd,29
2024-07-24 13:46:32,ftpd,29
2024-07-24 13:46:32,ftpd,29
2024-07-24 13:46:32,ftpd,29
2024-07-24 13:46:32,ftpd,29
2024-07-24 13:46:32,ftpd,29
2024-07-24 13:46:32,ftpd,29
2024-07-24 13:46:32,ftpd,29
2024-07-24 13:46:32,ftpd,29
2024-07-24 13:46:34,ftpd,29
2024-07-24 13:46:34,ftpd,29
2024-07-24 13:46:34,ftpd,29
2024-07-24 13:46:34,ftpd,29
2024-07-24 13:46:34,ftpd,29
2024-07-24 13:46:34,ftpd,29
2024-07-24 13:46:34,ftpd,29
2024-07-24 13:46:34,ftpd,29
2024-07-24 13:46:34,ftpd,29
2024-07-24 13:46:35,ftpd,29
2024-07-25 04:03:58,su(pam_unix),102
2024-07-25 04:03:59,su(pam_unix),101
2024-07-25 04:04:00,logrotate,8
2024-07-25 04:09:32,su(pam_unix),102
2024-07-25 04:09:33,su(pam_unix),101
2024-07-25 06:39:18,ftpd,29
2024-07-25 06:39:18,ftpd,29
2024-07-25 06:39:18,ftpd,29
2024-07-25 06:39:18,ftpd,29
2024-07-25 06:39:18,ftpd,29
2024-07-25 06:39:18,ftpd,29
2024-07-25 06:39:18,ftpd,29
2024-07-25 06:39:18,ftpd,29
2024-07-25 06:39:18,ftpd,29
2024-07-25 06:39:18,ftpd,29
2024-07-25 06:39:18,ftpd,29
2024-07-25 06:39:18,ftpd,29
2024-07-25 06:39:18,ftpd,29
2024-07-25 06:39:18,ftpd,29
2024-07-25 06:39:18,ftpd,29
2024-07-25 06:39:18,ftpd,29
2024-07-25 06:39:18,ftpd,29
2024-07-25 06:39:18,ftpd,29
2024-07-25 06:39:18,ftpd,29
2024-07-25 06:39:18,ftpd,29
2024-07-25 06:39:18,ftpd,29
2024-07-25 06:39:18,ftpd,29
2024-07-25 06:39:18,ftpd,29
2024-07-25 12:09:06,named,75
2024-07-25 12:18:50,named,75
2024-07-25 12:27:05,named,75
2024-07-25 12:35:24,named,75
2024-07-25 12:54:46,named,75
2024-07-25 13:33:41,named,75
2024-07-25 13:41:34,named,75
2024-07-25 13:50:24,named,75
2024-07-25 14:00:03,named,75
2024-07-25 14:08:28,named,75
2024-07-25 14:17:19,named,75
2024-07-25 14:33:46,named,75
2024-07-25 14:48:30,named,75
2024-07-25 14:56:13,named,75
2024-07-25 15:50:04,named,75
2024-07-25 16:29:20,named,75
2024-07-25 23:23:13,ftpd,47
2024-07-25 23:23:13,xinetd,116
2024-07-25 23:23:13,ftpd,47
2024-07-25 23:23:13,ftpd,47
2024-07-25 23:23:13,ftpd,47
2024-07-25 23:23:13,xinetd,116
2024-07-25 23:24:09,ftpd,29
2024-07-25 23:24:09,ftpd,29
2024-07-25 23:24:09,ftpd,29
2024-07-25 23:24:09,ftpd,29
2024-07-25 23:24:09,ftpd,29
2024-07-25 23:24:09,ftpd,29
2024-07-25 23:24:09,ftpd,29
2024-07-25 23:24:09,ftpd,29
2024-07-25 23:24:09,ftpd,29
2024-07-25 23:24:09,ftpd,29
2024-07-25 23:24:09,ftpd,29
2024-07-25 23:24:09,ftpd,29
2024-07-25 23:24:09,ftpd,29
2024-07-25 23:24:09,ftpd,29
2024-07-25 23:24:09,ftpd,29
2024-07-25 23:24:09,ftpd,29
2024-07-25 23:24:09,ftpd,29
2024-07-25 23:24:09,ftpd,29
2024-07-25 23:24:09,ftpd,29
2024-07-26 04:05:22,su(pam_unix),102
2024-07-26 04:05:23,su(pam_unix),101
2024-07-26 04:05:24,logrotate,8
2024-07-26 04:11:23,su(pam_unix),102
2024-07-26 04:11:23,su(pam_unix),101
2024-07-26 05:47:42,ftpd,29
2024-07-26 05:47:42,ftpd,29
2024-07-26 05:47:42,ftpd,29
2024-07-26 05:47:42,ftpd,29
2024-07-26 05:47:42,ftpd,29
2024-07-26 05:47:42,ftpd,29
2024-07-26 05:47:42,ftpd,29
2024-07-26 05:47:42,ftpd,29
2024-07-26 05:47:42,ftpd,29
2024-07-26 05:47:42,ftpd,29
2024-07-26 05:47:42,ftpd,29
2024-07-26 05:47:42,ftpd,29
2024-07-26 05:47:42,ftpd,29
2024-07-26 05:47:42,ftpd,29
2024-07-26 05:47:42,ftpd,29
2024-07-26 05:47:42,ftpd,29
2024-07-26 05:47:42,ftpd,29
2024-07-26 05:47:42,ftpd,29
2024-07-26 05:47:51,ftpd,29
2024-07-26 05:47:51,ftpd,29
2024-07-26 05:47:51,ftpd,29
2024-07-26 05:47:51,ftpd,29
2024-07-26 05:47:51,ftpd,29
2024-07-26 07:02:27,sshd(pam_unix),18
2024-07-26 07:02:35,sshd(pam_unix),18
2024-07-26 07:02:37,sshd(pam_unix),18
2024-07-26 07:02:45,sshd(pam_unix),18
2024-07-26 07:02:47,sshd(pam_unix),18
2024-07-26 07:02:55,sshd(pam_unix),18
2024-07-26 07:02:57,sshd(pam_unix),18
2024-07-26 07:03:05,sshd(pam_unix),18
2024-07-26 07:03:07,sshd(pam_unix),18
2024-07-26 07:03:15,sshd(pam_unix),18
2024-07-26 07:03:17,sshd(pam_unix),18
2024-07-26 07:03:26,sshd(pam_unix),18
2024-07-26 07:03:27,sshd(pam_unix),18
2024-07-26 07:03:35,sshd(pam_unix),18
2024-07-26 07:03:37,sshd(pam_unix),18
2024-07-26 07:03:45,sshd(pam_unix),18
2024-07-26 07:03:47,sshd(pam_unix),18
2024-07-26 07:03:55,sshd(pam_unix),18
2024-07-26 07:03:57,sshd(pam_unix),18
2024-07-26 07:04:02,sshd(pam_unix),18
2024-07-26 07:04:05,sshd(pam_unix),18
2024-07-26 07:04:07,sshd(pam_unix),18
2024-07-26 07:04:12,sshd(pam_unix),18
2024-07-27 04:16:07,su(pam_unix),102
2024-07-27 04:16:08,su(pam_unix),101
2024-07-27 04:16:09,logrotate,8
2024-07-27 04:21:39,su(pam_unix),102
2024-07-27 04:21:40,su(pam_unix),101
2024-07-27 10:59:53,ftpd,29
2024-07-27 14:41:54,sysctl,63
2024-07-27 14:41:54,network,23
2024-07-27 14:41:54,network,104
2024-07-27 14:41:57,kernel,113
2024-07-27 14:41:57,rpc.statd,114
2024-07-27 14:41:57,kernel,50
2024-07-27 14:41:57,kernel,84
2024-07-27 14:41:57,portmap,85
2024-07-27 14:41:57,kernel,32
2024-07-27 14:41:57,kernel,52
2024-07-27 14:41:57,kernel,69
2024-07-27 14:41:57,kernel,62
2024-07-27 14:41:57,kernel,24
2024-07-27 14:41:57,kernel,117
2024-07-27 14:41:57,kernel,4
2024-07-27 14:41:57,kernel,42
2024-07-27 14:41:57,irqbalance,58
2024-07-27 14:41:57,kernel,40
2024-07-27 14:41:57,kernel,41
2024-07-27 14:41:57,kernel,74
2024-07-27 14:41:57,syslog,106
2024-07-27 14:41:57,syslogd 1.4.1,90
2024-07-27 14:41:57,kernel,64
2024-07-27 14:41:57,kernel,68
2024-07-27 14:41:57,kernel,21
2024-07-27 14:41:57,kernel,20
2024-07-27 14:41:57,kernel,22
2024-07-27 14:41:57,kernel,20
2024-07-27 14:41:57,kernel,20
2024-07-27 14:41:57,kernel,2
2024-07-27 14:41:57,kernel,3
2024-07-27 14:41:57,kernel,118
2024-07-27 14:41:57,syslog,65
2024-07-27 14:41:57,kernel,76
2024-07-27 14:41:57,kernel,21
2024-07-27 14:41:58,kernel,78
2024-07-27 14:41:58,kernel,28
2024-07-27 14:41:58,random,54
2024-07-27 14:41:58,kernel,86
2024-07-27 14:41:58,kernel,73
2024-07-27 14:41:58,kernel,81
2024-07-27 14:41:58,kernel,5
2024-07-27 14:41:58,kernel,7
2024-07-27 14:41:58,kernel,6
2024-07-27 14:41:58,kernel,67
2024-07-27 14:41:58,rc,105
2024-07-27 14:41:58,kernel,111
2024-07-27 14:41:58,kernel,110
2024-07-27 14:41:58,kernel,44
2024-07-27 14:41:58,kernel,72
2024-07-27 14:41:58,kernel,33
2024-07-27 14:41:58,kernel,45
2024-07-27 14:41:58,kernel,56
2024-07-27 14:41:58,kernel,30
2024-07-27 14:41:58,kernel,57
2024-07-27 14:41:58,kernel,70
2024-07-27 14:41:58,kernel,25
2024-07-27 14:41:58,kernel,97
2024-07-27 14:41:58,kernel,99
2024-07-27 14:41:58,kernel,107
2024-07-27 14:41:58,kernel,46
2024-07-27 14:41:58,kernel,96
2024-07-27 14:41:58,kernel,26
2024-07-27 14:41:58,kernel,35
2024-07-27 14:41:58,kernel,100
2024-07-27 14:41:58,kernel,71
2024-07-27 14:41:58,kernel,34
2024-07-27 14:41:58,kernel,39
2024-07-27 14:41:58,rpcidmapd,92
2024-07-27 14:41:58,kernel,55
2024-07-27 14:41:58,nfslock,93
2024-07-27 14:41:59,bluetooth,94
2024-07-27 14:41:59,kernel,53
2024-07-27 14:41:59,kernel,98
2024-07-27 14:41:59,kernel,43
2024-07-27 14:41:59,kernel,115
2024-07-27 14:41:59,kernel,83
2024-07-27 14:41:59,kernel,108
2024-07-27 14:41:59,sdpd,95
2024-07-27 14:41:59,kernel,80
2024-07-27 14:41:59,bluetooth,49
2024-07-27 14:41:59,hcid,48
2024-07-27 14:41:59,kernel,12
2024-07-27 14:41:59,kernel,10
2024-07-27 14:41:59,kernel,82
2024-07-27 14:41:59,kernel,109
2024-07-27 14:41:59,kernel,79
2024-07-27 14:41:59,kernel,77
2024-07-27 14:41:59,kernel,11
2024-07-27 14:42:00,kernel,59
2024-07-27 14:42:00,kernel,87
2024-07-27 14:42:00,kernel,60
2024-07-27 14:42:00,kernel,66
